Plant,Method ,Date,Vessel,Lat,Lon,Ground,Fat,FishLength(cm),FishWeight(g)
Sea Life,1,2021-06-07,Sealife II,48.18,-64.34,Scots Bay,4.8,25.4,177
Sea Life,1,2021-06-07,Sealife II,48.18,-64.34,Scots Bay,4.8,25.4,179
Sea Life,1,2021-06-07,Sealife II,48.18,-64.34,Scots Bay,6.2,27.94,188
Sea Life,1,2021-06-07,Sealife II,48.18,-64.34,Scots Bay,4.4,27.94,225
Sea Life,1,2021-06-07,Sealife II,48.18,-64.34,Scots Bay,5,25.4,165
Sea Life,1,2021-06-07,Sealife II,48.18,-64.34,Scots Bay,5,25.4,176
Sea Life,1,2021-06-07,Lady Melissa,43.14,-64.53,Scots Bay,5.8,27.94,219
Sea Life,1,2021-06-07,Lady Melissa,43.14,-64.53,Scots Bay,13,27.94,228
Sea Life,1,2021-06-07,Lady Melissa,43.14,-64.53,Scots Bay,8.2,27.94,222
Sea Life,1,2021-06-07,Lady Melissa,43.14,-64.53,Scots Bay,9.6,27.94,254
Sea Life,1,2021-06-08,Lady Melissa,45.14,-64.54,Scots Bay,9.6,26.67,287
Sea Life,1,2021-06-08,Lady Melissa,45.14,-64.54,Scots Bay,10,25.4,185
Sea Life,1,2021-06-08,Lady Melissa,45.14,-64.54,Scots Bay,13.4,24.13,172
Sea Life,1,2021-06-08,Lady Melissa,45.14,-64.54,Scots Bay,8.2,22.86,174
Sea Life,1,2021-06-09,Sealife II,44.16,-67,Grand Manan,13.6,25.4,86
Sea Life,1,2021-06-09,Sealife II,44.16,-67,Grand Manan,13.6,25.4,80
Sea Life,1,2021-06-09,Sealife II,44.16,-67,Grand Manan,10.4,22.86,85
Sea Life,1,2021-06-09,Sealife II,44.16,-67,Grand Manan,10.4,22.86,78
Sea Life,1,2021-06-09,Sealife II,44.16,-67,Grand Manan,13.2,22.86,59
Sea Life,1,2021-06-09,Sealife II,44.16,-67,Grand Manan,13.2,22.86,71
Sea Life,1,2021-06-09,Sealife II,44.16,-67,Grand Manan,14.4,22.86,68
Sea Life,1,2021-06-09,Sealife II,44.16,-67,Grand Manan,14.4,22.86,70
Sea Life,1,2021-06-14,Lady Melissa,43.37,-66.59,Gannet Dry Ledge,14.8,25.4,156
Sea Life,1,2021-06-14,Lady Melissa,43.37,-66.59,Gannet Dry Ledge,14.8,25.4,145
Sea Life,1,2021-06-14,Lady Melissa,43.37,-66.59,Gannet Dry Ledge,14.4,22.86,169
Sea Life,1,2021-06-14,Lady Melissa,43.37,-66.59,Gannet Dry Ledge,14.4,22.86,116
Sea Life,1,2021-06-14,Lady Melissa,43.37,-66.59,Gannet Dry Ledge,17.2,25.4,134
Sea Life,1,2021-06-14,Lady Melissa,43.37,-66.59,Gannet Dry Ledge,17.2,25.4,148
Sea Life,1,2021-06-14,Lady Melissa,43.37,-66.59,Gannet Dry Ledge,15.6,22.86,102
Sea Life,1,2021-06-14,Lady Melissa,43.37,-66.59,Gannet Dry Ledge,15.6,22.86,98
Sea Life,1,2021-06-14,Sealife II,43.37,-67,Gannet Dry Ledge,12,25.4,144
Sea Life,1,2021-06-14,Sealife II,43.37,-67,Gannet Dry Ledge,16.2,25.4,164
Sea Life,1,2021-06-14,Sealife II,43.37,-67,Gannet Dry Ledge,17.4,25.4,156
Sea Life,1,2021-06-14,Sealife II,43.37,-67,Gannet Dry Ledge,14.2,25.4,166
Sea Life,1,2021-06-14,Lady Melissa,43.37,-66.59,Gannet Dry Ledge,13.8,22.86,117
Sea Life,1,2021-06-14,Lady Melissa,43.37,-66.59,Gannet Dry Ledge,13.8,22.86,120
Sea Life,1,2021-06-14,Lady Melissa,43.37,-66.59,Gannet Dry Ledge,11.2,25.4,140
Sea Life,1,2021-06-14,Lady Melissa,43.37,-66.59,Gannet Dry Ledge,11.2,25.4,136
Sea Life,1,2021-06-14,Lady Melissa,43.37,-66.59,Gannet Dry Ledge,12.8,22.86,117
Sea Life,1,2021-06-14,Lady Melissa,43.37,-66.59,Gannet Dry Ledge,12.8,22.86,111
Sea Life,1,2021-06-14,Lady Melissa,43.37,-66.59,Gannet Dry Ledge,15.2,22.86,105
Sea Life,1,2021-06-14,Lady Melissa,43.37,-66.59,Gannet Dry Ledge,15.2,22.86,108
Sea Life,1,2021-06-14,Sealife II,43.37,-67,Gannet Dry Ledge,12.2,25.4,121
Sea Life,1,2021-06-14,Sealife II,43.37,-67,Gannet Dry Ledge,12.2,25.4,134
Sea Life,1,2021-06-14,Sealife II,43.37,-67,Gannet Dry Ledge,13,25.4,134
Sea Life,1,2021-06-14,Sealife II,43.37,-67,Gannet Dry Ledge,13,25.4,120
Sea Life,1,2021-06-14,Sealife II,43.37,-67,Gannet Dry Ledge,12.2,22.86,104
Sea Life,1,2021-06-14,Sealife II,43.37,-67,Gannet Dry Ledge,12.2,22.86,100
Sea Life,1,2021-06-14,Sealife II,43.37,-67,Gannet Dry Ledge,15.8,25.4,148
Sea Life,1,2021-06-15,Sealife II,43.36,-66.57,Gannet Dry Ledge,15.4,22.86,122
Sea Life,1,2021-06-15,Sealife II,43.36,-66.57,Gannet Dry Ledge,15.4,22.86,129
Sea Life,1,2021-06-15,Sealife II,43.36,-66.57,Gannet Dry Ledge,14.4,22.86,130
Sea Life,1,2021-06-15,Sealife II,43.36,-66.57,Gannet Dry Ledge,14.4,22.86,133
Sea Life,1,2021-06-15,Sealife II,43.36,-66.57,Gannet Dry Ledge,14.2,25.4,137
Sea Life,1,2021-06-15,Sealife II,43.36,-66.57,Gannet Dry Ledge,14.2,25.4,132
Sea Life,1,2021-06-15,Sealife II,43.36,-66.57,Gannet Dry Ledge,9.6,25.4,138
Sea Life,1,2021-06-15,Sealife II,43.36,-66.57,Gannet Dry Ledge,9.6,25.4,140
Sea Life,1,2021-06-15,Lady Melissa,43.45,-66.57,Gannet Dry Ledge,10.8,22.86,104
Sea Life,1,2021-06-15,Lady Melissa,43.45,-66.57,Gannet Dry Ledge,10.8,22.86,99
Sea Life,1,2021-06-15,Lady Melissa,43.45,-66.57,Gannet Dry Ledge,12.8,22.86,122
Sea Life,1,2021-06-15,Lady Melissa,43.45,-66.57,Gannet Dry Ledge,12.8,22.86,116
Sea Life,1,2021-06-15,Lady Melissa,43.45,-66.57,Gannet Dry Ledge,13.2,22.86,100
Sea Life,1,2021-06-15,Lady Melissa,43.45,-66.57,Gannet Dry Ledge,13.2,22.86,104
Sea Life,1,2021-06-15,Lady Melissa,43.45,-66.57,Gannet Dry Ledge,12.2,20.32,85
Sea Life,1,2021-06-15,Lady Melissa,43.45,-66.57,Gannet Dry Ledge,12.2,20.32,78
Sea Life,1,2021-06-15,Sealife II,43.36,-66.57,Gannet Dry Ledge,14.6,27.94,210
Sea Life,1,2021-06-15,Sealife II,43.36,-66.57,Gannet Dry Ledge,11.2,25.4,175
Sea Life,1,2021-06-15,Sealife II,43.36,-66.57,Gannet Dry Ledge,12.4,27.94,164
Sea Life,1,2021-06-15,Sealife II,43.36,-66.57,Gannet Dry Ledge,13.8,25.4,161
Sea Life,1,2021-06-17,Lady Melissa,43.35,-66.46,Gannet Dry Ledge,17.4,25.4,159
Sea Life,1,2021-06-17,Lady Melissa,43.35,-66.46,Gannet Dry Ledge,14.2,25.4,195
Sea Life,1,2021-06-17,Lady Melissa,43.35,-66.46,Gannet Dry Ledge,14,25.4,141
Sea Life,1,2021-06-17,Lady Melissa,43.35,-66.46,Gannet Dry Ledge,14,25.4,143
Sea Life,1,2021-06-17,Lady Melissa,43.35,-66.46,Gannet Dry Ledge,14.6,22.86,122
Sea Life,1,2021-06-17,Lady Melissa,43.35,-66.46,Gannet Dry Ledge,14.6,22.86,129
Sea Life,1,2021-06-18,Sealife II,43.35,-66.87,Gannet Dry Ledge,19,25.4,139
Sea Life,1,2021-06-18,Sealife II,43.35,-66.87,Gannet Dry Ledge,19,25.4,139
Sea Life,1,2021-06-18,Sealife II,43.35,-66.87,Gannet Dry Ledge,17.8,22.86,129
Sea Life,1,2021-06-18,Sealife II,43.35,-66.87,Gannet Dry Ledge,17.8,22.86,137
Sea Life,1,2021-06-18,Sealife II,43.35,-66.87,Gannet Dry Ledge,13.8,22.86,131
Sea Life,1,2021-06-18,Sealife II,43.35,-66.87,Gannet Dry Ledge,13.8,22.86,125
Sea Life,1,2021-06-18,Sealife II,43.35,-66.87,Gannet Dry Ledge,12.8,22.86,111
Sea Life,1,2021-06-18,Sealife II,43.35,-66.87,Gannet Dry Ledge,12.8,22.86,108
Sea Life,1,2021-06-18,Lady Melissa,43.35,-66.37,Gannet Dry Ledge,16.8,25.4,136
Sea Life,1,2021-06-18,Lady Melissa,43.35,-66.37,Gannet Dry Ledge,16.8,25.4,135
Sea Life,1,2021-06-18,Lady Melissa,43.35,-66.37,Gannet Dry Ledge,18,25.4,163
Sea Life,1,2021-06-18,Lady Melissa,43.35,-66.37,Gannet Dry Ledge,16,25.4,160
Sea Life,1,2021-06-18,Lady Melissa,43.35,-66.37,Gannet Dry Ledge,13.4,25.4,165
Sea Life,1,2021-06-18,Lady Janice,43.34,-66.47,Gannet Dry Ledge,14.8,22.86,127
Sea Life,1,2021-06-18,Lady Janice,43.34,-66.47,Gannet Dry Ledge,14.8,22.86,136
Sea Life,1,2021-06-18,Lady Janice,43.34,-66.47,Gannet Dry Ledge,14.4,22.86,127
Sea Life,1,2021-06-18,Lady Janice,43.34,-66.47,Gannet Dry Ledge,14.4,22.86,114
Sea Life,1,2021-06-18,Lady Janice,43.34,-66.47,Gannet Dry Ledge,16.2,25.4,154
Sea Life,1,2021-06-18,Lady Janice,43.34,-66.47,Gannet Dry Ledge,11.8,25.4,159
Sea Life,1,2021-06-18,Sealife II,43.35,-66.87,Gannet Dry Ledge,12.2,22.86,104
Sea Life,1,2021-06-18,Sealife II,43.35,-66.87,Gannet Dry Ledge,12.2,22.86,97
Sea Life,1,2021-06-18,Sealife II,43.35,-66.87,Gannet Dry Ledge,9.4,22.86,121
Sea Life,1,2021-06-18,Sealife II,43.35,-66.87,Gannet Dry Ledge,9.4,22.86,122
Sea Life,1,2021-06-18,Sealife II,43.35,-66.87,Gannet Dry Ledge,15.2,22.86,126
Sea Life,1,2021-06-18,Sealife II,43.35,-66.87,Gannet Dry Ledge,15.2,22.86,132
Sea Life,1,2021-06-18,Sealife II,43.35,-66.87,Gannet Dry Ledge,16.4,22.86,110
Sea Life,1,2021-06-18,Lady Janice,43.34,-66.47,Gannet Dry Ledge,16.4,22.86,106
Sea Life,1,2021-06-18,Lady Janice,43.34,-66.47,Gannet Dry Ledge,13.8,22.86,122
Sea Life,1,2021-06-18,Lady Janice,43.34,-66.47,Gannet Dry Ledge,13.8,22.86,127
Sea Life,1,2021-06-18,Lady Janice,43.34,-66.47,Gannet Dry Ledge,15,22.86,115
Sea Life,1,2021-06-18,Lady Janice,43.34,-66.47,Gannet Dry Ledge,15,22.86,120
Sea Life,1,2021-06-18,Lady Janice,43.34,-66.47,Gannet Dry Ledge,13.2,22.86,109
Sea Life,1,2021-06-18,Lady Janice,43.34,-66.47,Gannet Dry Ledge,13.2,22.86,115
Sea Life,1,2021-06-18,Lady Janice,43.34,-66.47,Gannet Dry Ledge,12.8,22.86,125
Sea Life,1,2021-06-18,Lady Janice,43.34,-66.47,Gannet Dry Ledge,12.8,22.86,127
Sea Life,1,2021-06-19,Lady Melissa,43.35,-66.37,Gannet Dry Ledge,17.6,27.94,21
Sea Life,1,2021-06-19,Lady Melissa,43.35,-66.37,Gannet Dry Ledge,15.8,25.4,191
Sea Life,1,2021-06-19,Lady Melissa,43.35,-66.37,Gannet Dry Ledge,18.8,25.4,181
Sea Life,1,2021-06-19,Lady Melissa,43.35,-66.37,Gannet Dry Ledge,14.4,27.94,194
Sea Life,1,2021-06-21,Lady Melissa,43.3,-66.51,Gannet Dry Ledge,15.4,27.94,213
Sea Life,1,2021-06-21,Lady Melissa,43.3,-66.51,Gannet Dry Ledge,19,27.94,258
Sea Life,1,2021-06-21,Lady Melissa,43.3,-66.51,Gannet Dry Ledge,20,27.97,187
Sea Life,1,2021-06-21,Lady Melissa,43.3,-66.51,Gannet Dry Ledge,12.8,27.94,190
Sea Life,1,2021-06-21,Lady Melissa,43.3,-66.51,Gannet Dry Ledge,13,25.4,145
Sea Life,1,2021-06-21,Lady Melissa,43.3,-66.51,Gannet Dry Ledge,13.2,22.86,111
Sea Life,1,2021-06-21,Lady Melissa,43.3,-66.51,Gannet Dry Ledge,13.2,22.86,116
Sea Life,1,2021-06-21,Lady Melissa,43.3,-66.51,Gannet Dry Ledge,16.2,22.86,102
Sea Life,1,2021-06-21,Lady Melissa,43.3,-66.51,Gannet Dry Ledge,16.2,22.86,110
Sea Life,1,2021-06-21,Lady Melissa,43.3,-66.51,Gannet Dry Ledge,15,25.4,131
Sea Life,1,2021-06-21,Lady Melissa,43.3,-66.51,Gannet Dry Ledge,15,25.4,131
Sea Life,1,2021-06-24,Lady Melissa,43.47,-67.01,Lurcher,17.8,25.4,196
Sea Life,1,2021-06-24,Lady Melissa,43.47,-67.01,Lurcher,14.4,25.4,156
Sea Life,1,2021-06-24,Lady Melissa,43.47,-67.01,Lurcher,19.4,27.94,205
Sea Life,1,2021-06-24,Lady Melissa,43.47,-67.01,Lurcher,17.4,25.4,186
Sea Life,1,2021-06-24,Lady Janice,43.47,-67.03,Lurcher,17.8,27.94,225
Sea Life,1,2021-06-24,Lady Janice,43.47,-67.03,Lurcher,17.4,27.94,210
Sea Life,1,2021-06-24,Lady Janice,43.47,-67.03,Lurcher,18.8,27.94,219
Sea Life,1,2021-06-24,Lady Janice,43.47,-67.03,Lurcher,15.2,27.94,196
Sea Life,1,2021-06-24,Lady Melissa,43.47,-67.01,Lurcher,17,25.4,194
Sea Life,1,2021-06-24,Lady Melissa,43.47,-67.01,Lurcher,14,25.4,200
Sea Life,1,2021-06-24,Lady Melissa,43.47,-67.01,Lurcher,16.4,22.86,140
Sea Life,1,2021-06-24,Lady Melissa,43.47,-67.01,Lurcher,15.6,22.86,152
Sea Life,1,2021-06-25,Lady Melissa,43.51,-67.01,Lurcher,16.2,25.4,160
Sea Life,1,2021-06-25,Lady Melissa,43.51,-67.01,Lurcher,19.2,25.4,170
Sea Life,1,2021-06-25,Lady Melissa,43.51,-67.01,Lurcher,13.2,27.94,187
Sea Life,1,2021-06-25,Lady Melissa,43.51,-67.01,Lurcher,18.2,27.94,191
Sea Life,1,2021-06-25,Lady Janice,43.46,-67.01,Lurcher,16.2,27.94,191
Sea Life,1,2021-06-25,Lady Janice,43.46,-67.01,Lurcher,18.6,27.94,193
Sea Life,1,2021-06-25,Lady Janice,43.46,-67.01,Lurcher,17.4,27.94,201
Sea Life,1,2021-06-25,Lady Janice,43.46,-67.01,Lurcher,14.2,25.4,174
Sea Life,1,2021-06-29,Sealife II,43.46,-67.03,Gannet Dry Ledge,15.6,22.86,131
Sea Life,1,2021-06-29,Sealife II,43.46,-67.03,Gannet Dry Ledge,15.6,22.86,140
Sea Life,1,2021-06-29,Sealife II,43.46,-67.03,Gannet Dry Ledge,9.2,25.4,151
Sea Life,1,2021-06-29,Sealife II,43.46,-67.03,Gannet Dry Ledge,9.2,25.4,149
Sea Life,1,2021-06-29,Sealife II,43.46,-67.03,Gannet Dry Ledge,18.6,25.4,160
Sea Life,1,2021-06-29,Sealife II,43.46,-67.03,Gannet Dry Ledge,7.2,25.4,163
Sea Life,1,2021-06-29,Lady Melissa,43.47,-67.03,Gannet Dry Ledge,13.4,25.4,141
Sea Life,1,2021-06-29,Lady Melissa,43.47,-67.03,Gannet Dry Ledge,13.4,25.4,139
Sea Life,1,2021-06-29,Lady Melissa,43.47,-67.03,Gannet Dry Ledge,10.8,25.4,137
Sea Life,1,2021-06-29,Lady Melissa,43.47,-67.03,Gannet Dry Ledge,10.8,25.4,146
Sea Life,1,2021-06-29,Lady Melissa,43.47,-67.03,Gannet Dry Ledge,13,27.94,179
Sea Life,1,2021-06-29,Lady Melissa,43.47,-67.03,Gannet Dry Ledge,4.4,27.94,193
Sea Life,1,2021-06-29,Lady Janice,43.48,-67.04,Gannet Dry Ledge,19.8,25.4,137
Sea Life,1,2021-06-29,Lady Janice,43.48,-67.04,Gannet Dry Ledge,19.8,25.4,114
Sea Life,1,2021-06-29,Lady Janice,43.48,-67.04,Gannet Dry Ledge,16,25.4,143
Sea Life,1,2021-06-29,Lady Janice,43.48,-67.04,Gannet Dry Ledge,16,25.4,144
Sea Life,1,2021-06-29,Lady Janice,43.48,-67.04,Gannet Dry Ledge,13,25.4,138
Sea Life,1,2021-06-29,Lady Janice,43.48,-67.04,Gannet Dry Ledge,13,25.4,142
Sea Life,1,2021-06-29,Lady Janice,43.48,-67.04,Gannet Dry Ledge,14.8,22.86,119
Sea Life,1,2021-06-29,Lady Janice,43.48,-67.04,Gannet Dry Ledge,14.8,22.86,121
Sea Life,1,2021-06-29,Sealife II,43.46,-67.03,Gannet Dry Ledge,18,27.94,220
Sea Life,1,2021-06-29,Sealife II,43.46,-67.03,Gannet Dry Ledge,11.8,27.94,186
Sea Life,1,2021-06-29,Sealife II,43.46,-67.03,Gannet Dry Ledge,13.6,27.94,232
Sea Life,1,2021-06-29,Sealife II,43.46,-67.03,Gannet Dry Ledge,11.4,27.94,200
Sea Life,1,2021-06-29,Lady Melissa,43.47,-67.03,Gannet Dry Ledge,15.6,27.94,213
Sea Life,1,2021-06-29,Lady Melissa,43.47,-67.03,Gannet Dry Ledge,13.2,30.48,244
Sea Life,1,2021-06-29,Lady Melissa,43.47,-67.03,Gannet Dry Ledge,18.6,27.94,230
Sea Life,1,2021-06-29,Lady Melissa,43.47,-67.03,Gannet Dry Ledge,15.4,25.4,166
Sea Life,1,2021-06-29,Lady Janice,43.48,-67.04,Gannet Dry Ledge,12.8,25.4,161
Sea Life,1,2021-06-29,Lady Janice,43.48,-67.04,Gannet Dry Ledge,11.8,25.4,168
Sea Life,1,2021-06-29,Lady Janice,43.48,-67.04,Gannet Dry Ledge,16.4,27.94,236
Sea Life,1,2021-06-29,Lady Janice,43.48,-67.04,Gannet Dry Ledge,19,27.94,208
Sea Life,1,2021-07-01,Sealife II,43.53,-66.29,Lurcher,10.2,20.32,75
Sea Life,1,2021-07-01,Sealife II,43.53,-66.29,Lurcher,10.2,20.32,68
Sea Life,1,2021-07-01,Sealife II,43.53,-66.29,Lurcher,10.2,20.32,70
Sea Life,1,2021-07-01,Sealife II,43.53,-66.29,Lurcher,10.4,20.32,63
Sea Life,1,2021-07-01,Sealife II,43.53,-66.29,Lurcher,10.4,20.32,72
Sea Life,1,2021-07-01,Sealife II,43.53,-66.29,Lurcher,10.4,20.32,64
Sea Life,1,2021-07-01,Sealife II,43.53,-66.29,Lurcher,9.2,20.32,59
Sea Life,1,2021-07-01,Sealife II,43.53,-66.29,Lurcher,9.2,20.32,58
Sea Life,1,2021-07-01,Sealife II,43.53,-66.29,Lurcher,9.2,20.32,56
Sea Life,1,2021-07-01,Sealife II,43.53,-66.29,Lurcher,8.4,20.32,61
Sea Life,1,2021-07-01,Sealife II,43.53,-66.29,Lurcher,8.4,20.32,60
Sea Life,1,2021-07-01,Sealife II,43.53,-66.29,Lurcher,8.4,20.32,56
Sea Life,1,2021-07-01,Lady Janice,43.48,-67.02,Lurcher,13.8,25.4,126
Sea Life,1,2021-07-01,Lady Janice,43.48,-67.02,Lurcher,13.8,25.4,108
Sea Life,1,2021-07-01,Lady Janice,43.48,-67.02,Lurcher,3.6,27.94,157
Sea Life,1,2021-07-01,Lady Janice,43.48,-67.02,Lurcher,16.6,25.4,153
Sea Life,1,2021-07-01,Lady Janice,43.48,-67.02,Lurcher,16.2,22.86,107
Sea Life,1,2021-07-06,Lady Melissa,49.16,-66.59,Grand Manan,14.4,22.86,106
Sea Life,1,2021-07-06,Lady Melissa,49.16,-66.59,Grand Manan,14.4,22.86,105
Sea Life,1,2021-07-06,Lady Melissa,49.16,-66.59,Grand Manan,11.6,20.32,85
Sea Life,1,2021-07-06,Lady Melissa,49.16,-66.59,Grand Manan,11.6,20.32,73
Sea Life,1,2021-07-06,Lady Melissa,49.16,-66.59,Grand Manan,15.4,22.86,89
Sea Life,1,2021-07-06,Lady Melissa,49.16,-66.59,Grand Manan,15.4,22.86,88
Sea Life,1,2021-07-06,Lady Melissa,49.16,-66.59,Grand Manan,17,22.86,91
Sea Life,1,2021-07-06,Lady Melissa,49.16,-66.59,Grand Manan,17,22.86,100
Sea Life,1,2021-07-06,Lady Janice,44.16,-67,Grand Manan,9.8,20.32,80
Sea Life,1,2021-07-06,Lady Janice,44.16,-67,Grand Manan,9.8,20.32,79
Sea Life,1,2021-07-06,Lady Janice,44.16,-67,Grand Manan,12.2,22.86,99
Sea Life,1,2021-07-06,Lady Janice,44.16,-67,Grand Manan,12.2,22.86,94
Sea Life,1,2021-07-06,Lady Janice,44.16,-67,Grand Manan,9.4,22.86,83
Sea Life,1,2021-07-06,Lady Janice,44.16,-67,Grand Manan,9.4,22.86,71
Sea Life,1,2021-07-06,Lady Janice,44.16,-67,Grand Manan,15,22.86,79
Sea Life,1,2021-07-06,Lady Janice,44.16,-67,Grand Manan,15,22.86,80
Sea Life,1,2021-07-06,Sealife II,44.15,-66.59,Grand Manan,13.4,22.86,117
Sea Life,1,2021-07-06,Sealife II,44.15,-66.59,Grand Manan,13.4,22.86,85
Sea Life,1,2021-07-06,Sealife II,44.15,-66.59,Grand Manan,6.6,20.32,69
Sea Life,1,2021-07-06,Sealife II,44.15,-66.59,Grand Manan,6.6,20.32,66
Sea Life,1,2021-07-06,Sealife II,44.15,-66.59,Grand Manan,10.8,20.32,64
Sea Life,1,2021-07-06,Sealife II,44.15,-66.59,Grand Manan,10.8,20.32,61
Sea Life,1,2021-07-06,Sealife II,44.15,-66.59,Grand Manan,14.4,22.86,89
Sea Life,1,2021-07-06,Sealife II,44.15,-66.59,Grand Manan,14.4,20.32,91
Sea Life,1,2021-07-07,Lady Melissa,44.09,-67.05,Grand Manan,17.4,22.86,122
Sea Life,1,2021-07-07,Lady Melissa,44.09,-67.05,Grand Manan,17.4,22.86,118
Sea Life,1,2021-07-07,Lady Melissa,44.09,-67.05,Grand Manan,14.8,22.86,108
Sea Life,1,2021-07-07,Lady Melissa,44.09,-67.05,Grand Manan,14.8,22.86,105
Sea Life,1,2021-07-07,Lady Melissa,44.09,-67.05,Grand Manan,17,25.4,176
Sea Life,1,2021-07-07,Lady Melissa,44.09,-67.05,Grand Manan,17.2,25.4,162
Sea Life,1,2021-07-07,Sealife II,44.14,-67.02,Grand Manan,9.6,22.86,104
Sea Life,1,2021-07-07,Sealife II,44.14,-67.02,Grand Manan,9.6,22.86,80
Sea Life,1,2021-07-07,Sealife II,44.14,-67.02,Grand Manan,13.6,22.86,112
Sea Life,1,2021-07-07,Sealife II,44.14,-67.02,Grand Manan,13.6,22.86,98
Sea Life,1,2021-07-07,Sealife II,44.14,-67.02,Grand Manan,19.6,22.86,122
Sea Life,1,2021-07-07,Sealife II,44.14,-67.02,Grand Manan,19.6,22.86,114
Sea Life,1,2021-07-07,Sealife II,44.14,-67.02,Grand Manan,10,20.32,70
Sea Life,1,2021-07-07,Sealife II,44.14,-67.02,Grand Manan,10,20.32,66
Sea Life,1,2021-07-07,Sealife II,44.14,-67.02,Grand Manan,10,20.32,57
Sea Life,1,2021-07-07,Lady Janice,44.17,-66.58,Grand Manan,14.4,22.86,113
Sea Life,1,2021-07-07,Lady Janice,44.17,-66.58,Grand Manan,14.4,22.86,120
Sea Life,1,2021-07-07,Lady Janice,44.17,-66.58,Grand Manan,11,20.32,78
Sea Life,1,2021-07-07,Lady Janice,44.17,-66.58,Grand Manan,11,20.32,70
Sea Life,1,2021-07-07,Lady Janice,44.17,-66.58,Grand Manan,16.4,22.86,136
Sea Life,1,2021-07-07,Lady Janice,44.17,-66.58,Grand Manan,16.4,22.86,118
Sea Life,1,2021-07-07,Lady Janice,44.17,-66.58,Grand Manan,16.2,20.32,72
Sea Life,1,2021-07-07,Lady Janice,44.17,-66.58,Grand Manan,16.2,20.32,61
Sea Life,1,2021-07-08,Lady Melissa,44.16,-66.02,Grand Manan,14.4,22.86,117
Sea Life,1,2021-07-08,Lady Melissa,44.16,-66.02,Grand Manan,14.4,22.86,105
Sea Life,1,2021-07-08,Lady Melissa,44.16,-66.02,Grand Manan,15,20.32,86
Sea Life,1,2021-07-08,Lady Melissa,44.16,-66.02,Grand Manan,15,20.32,84
Sea Life,1,2021-07-08,Lady Melissa,44.16,-66.02,Grand Manan,15.4,20.32,75
Sea Life,1,2021-07-08,Lady Melissa,44.16,-66.02,Grand Manan,15.4,20.32,75
Sea Life,1,2021-07-08,Lady Melissa,44.16,-66.02,Grand Manan,15.8,22.86,104
Sea Life,1,2021-07-08,Lady Melissa,44.16,-66.02,Grand Manan,15.8,22.86,102
Sea Life,1,2021-07-08,Sealife II,45.15,-67,Grand Manan,14.8,20.32,87
Sea Life,1,2021-07-08,Sealife II,45.15,-67,Grand Manan,14.8,20.32,87
Sea Life,1,2021-07-08,Sealife II,45.15,-67,Grand Manan,15.6,20.32,78
Sea Life,1,2021-07-08,Sealife II,45.15,-67,Grand Manan,15.6,20.32,76
Sea Life,1,2021-07-08,Sealife II,45.15,-67,Grand Manan,17.6,22.86,109
Sea Life,1,2021-07-08,Sealife II,45.15,-67,Grand Manan,17.6,22.86,110
Sea Life,1,2021-07-08,Sealife II,45.15,-67,Grand Manan,16.6,20.32,81
Sea Life,1,2021-07-08,Sealife II,45.15,-67,Grand Manan,16.6,20.32,80
Sea Life,1,2021-07-08,Lady Janice,44.17,-66.58,Grand Manan,11.6,20.32,69
Sea Life,1,2021-07-08,Lady Janice,44.17,-66.58,Grand Manan,11.6,20.32,69
Sea Life,1,2021-07-08,Lady Janice,44.17,-66.58,Grand Manan,11.4,22.86,82
Sea Life,1,2021-07-08,Lady Janice,44.17,-66.58,Grand Manan,11.4,22.86,78
Sea Life,1,2021-07-08,Lady Janice,44.17,-66.58,Grand Manan,16.8,22.86,88
Sea Life,1,2021-07-08,Lady Janice,44.17,-66.58,Grand Manan,16.8,22.86,81
Sea Life,1,2021-07-08,Lady Janice,44.17,-66.58,Grand Manan,17,22.86,88
Sea Life,1,2021-07-08,Lady Janice,44.17,-66.58,Grand Manan,17,22.86,94
Sea Life,1,2021-07-08,Lady Melissa,44.16,-66.02,Grand Manan,17.6,25.4,163
Sea Life,1,2021-07-08,Lady Melissa,44.16,-66.02,Grand Manan,13.8,25.4,142
Sea Life,1,2021-07-08,Lady Melissa,44.16,-66.02,Grand Manan,19.6,25.4,121
Sea Life,1,2021-07-08,Lady Melissa,44.16,-66.02,Grand Manan,19.6,25.4,124
Sea Life,1,2021-07-08,Lady Melissa,44.16,-66.02,Grand Manan,17.6,25.4,129
Sea Life,1,2021-07-08,Lady Melissa,44.16,-66.02,Grand Manan,17.6,25.4,122
Sea Life,1,2021-07-08,Sealife II,45.15,-67,Grand Manan,18.2,25.4,144
Sea Life,1,2021-07-08,Sealife II,45.15,-67,Grand Manan,17.2,25.4,152
Sea Life,1,2021-07-08,Sealife II,45.15,-67,Grand Manan,14.8,25.4,147
Sea Life,1,2021-07-08,Sealife II,45.15,-67,Grand Manan,16.8,25.4,148
Sea Life,1,2021-07-08,Lady Janice,44.17,-66.58,Grand Manan,16.6,25.4,149
Sea Life,1,2021-07-08,Lady Janice,44.17,-66.58,Grand Manan,12.8,22.86,116
Sea Life,1,2021-07-08,Lady Janice,44.17,-66.58,Grand Manan,12.8,22.86,107
Sea Life,1,2021-07-08,Lady Janice,44.17,-66.58,Grand Manan,17.4,22.86,117
Sea Life,1,2021-07-08,Lady Janice,44.17,-66.58,Grand Manan,17.4,22.86,107
Sea Life,1,2021-07-08,Lady Janice,44.17,-66.58,Grand Manan,14.2,25.4,129
Sea Life,1,2021-07-08,Lady Janice,44.17,-66.58,Grand Manan,14.2,25.4,117
Sea Life,1,2021-07-09,Lady Janice,44.08,-66.43,Long Island,13.8,22.86,129
Sea Life,1,2021-07-09,Lady Janice,44.08,-66.43,Long Island,13.8,22.86,120
Sea Life,1,2021-07-09,Lady Janice,44.08,-66.43,Long Island,13.4,22.86,115
Sea Life,1,2021-07-09,Lady Janice,44.08,-66.43,Long Island,13.4,22.86,118
Sea Life,1,2021-07-09,Lady Janice,44.08,-66.43,Long Island,10.6,22.86,98
Sea Life,1,2021-07-09,Lady Janice,44.08,-66.43,Long Island,10.6,22.86,91
Sea Life,1,2021-07-09,Lady Janice,44.08,-66.43,Long Island,21.4,22.86,86
Sea Life,1,2021-07-09,Lady Janice,44.08,-66.43,Long Island,21.4,22.86,95
Sea Life,1,2021-07-09,Sealife II,44.1,-66.41,Long Island,13,22.86,105
Sea Life,1,2021-07-09,Sealife II,44.1,-66.41,Long Island,13,22.86,99
Sea Life,1,2021-07-09,Sealife II,44.1,-66.41,Long Island,15.8,22.86,109
Sea Life,1,2021-07-09,Sealife II,44.1,-66.41,Long Island,15.8,22.86,106
Sea Life,1,2021-07-09,Sealife II,44.1,-66.41,Long Island,16.4,22.86,115
Sea Life,1,2021-07-09,Sealife II,44.1,-66.41,Long Island,16.4,22.86,104
Sea Life,1,2021-07-09,Sealife II,44.1,-66.41,Long Island,15.2,22.86,98
Sea Life,1,2021-07-09,Sealife II,44.1,-66.41,Long Island,15.2,22.86,98
Sea Life,1,2021-07-12,Lady Melissa,44.17,-66.57,Grand Manan,20,24.13,161
Sea Life,1,2021-07-12,Lady Melissa,44.17,-66.57,Grand Manan,20.4,24.13,176
Sea Life,1,2021-07-12,Lady Melissa,44.17,-66.57,Grand Manan,17,21.59,168
Sea Life,1,2021-07-12,Lady Melissa,44.17,-66.57,Grand Manan,13.8,21.59,170
Sea Life,1,2021-07-12,Lady Melissa,44.17,-66.57,Grand Manan,13.8,20.32,86
Sea Life,1,2021-07-12,Lady Melissa,44.17,-66.57,Grand Manan,13.8,20.32,86
Sea Life,1,2021-07-12,Lady Melissa,44.17,-66.57,Grand Manan,18.8,22.86,107
Sea Life,1,2021-07-12,Lady Melissa,44.17,-66.57,Grand Manan,18.8,22.86,95
Sea Life,1,2021-07-12,Lady Melissa,44.17,-66.57,Grand Manan,8.8,20.32,85
Sea Life,1,2021-07-12,Lady Melissa,44.17,-66.57,Grand Manan,8.8,20.32,76
Sea Life,1,2021-07-12,Lady Melissa,44.17,-66.57,Grand Manan,16,22.86,93
Sea Life,1,2021-07-12,Lady Melissa,44.17,-66.57,Grand Manan,16,22.86,94
Sea Life,1,2021-07-13,Lady Melissa,44.22,-66.47,Grand Manan,12.8,20.32,87
Sea Life,1,2021-07-13,Lady Melissa,44.22,-66.47,Grand Manan,12.8,20.32,77
Sea Life,1,2021-07-13,Lady Melissa,44.22,-66.47,Grand Manan,9.4,20.32,70
Sea Life,1,2021-07-13,Lady Melissa,44.22,-66.47,Grand Manan,9.4,20.32,67
Sea Life,1,2021-07-13,Lady Melissa,44.22,-66.47,Grand Manan,8,22.86,71
Sea Life,1,2021-07-13,Lady Melissa,44.22,-66.47,Grand Manan,8,22.86,68
Sea Life,1,2021-07-13,Lady Melissa,44.22,-66.47,Grand Manan,9.6,20.32,75
Sea Life,1,2021-07-13,Lady Melissa,44.22,-66.47,Grand Manan,9.6,20.32,80
Sea Life,1,2021-07-13,Lady Janice,44.22,-66.47,Grand Manan,13.8,20.32,85
Sea Life,1,2021-07-13,Lady Janice,44.22,-66.47,Grand Manan,13.8,20.32,80
Sea Life,1,2021-07-13,Lady Janice,44.22,-66.47,Grand Manan,9.4,20.32,77
Sea Life,1,2021-07-13,Lady Janice,44.22,-66.47,Grand Manan,9.4,20.32,73
Sea Life,1,2021-07-13,Lady Janice,44.22,-66.47,Grand Manan,18.8,22.86,108
Sea Life,1,2021-07-13,Lady Janice,44.22,-66.47,Grand Manan,18.8,22.86,112
Sea Life,1,2021-07-13,Lady Janice,44.22,-66.47,Grand Manan,14.2,20.32,82
Sea Life,1,2021-07-13,Lady Janice,44.22,-66.47,Grand Manan,14.2,20.32,80
Sea Life,1,2021-07-14,Sealife II,43.03,-65.57,SW Grounds,11.8,22.86,115
Sea Life,1,2021-07-14,Sealife II,43.03,-65.57,SW Grounds,11.8,22.86,108
Sea Life,1,2021-07-14,Sealife II,43.03,-65.57,SW Grounds,13.4,22.86,102
Sea Life,1,2021-07-14,Sealife II,43.03,-65.57,SW Grounds,13.4,22.86,92
Sea Life,1,2021-07-14,Sealife II,43.03,-65.57,SW Grounds,11.4,22.86,83
Sea Life,1,2021-07-14,Sealife II,43.03,-65.57,SW Grounds,11.4,22.86,92
Sea Life,1,2021-07-14,Sealife II,43.03,-65.57,SW Grounds,8.6,20.32,61
Sea Life,1,2021-07-14,Sealife II,43.03,-65.57,SW Grounds,8.6,20.32,62
Sea Life,1,2021-07-14,Sealife II,43.03,-65.57,SW Grounds,8.6,20.32,64
Sea Life,1,2021-07-14,Lady Melissa,44.22,-66.46,Long Island,13.6,20.32,69
Sea Life,1,2021-07-14,Lady Melissa,44.22,-66.46,Long Island,13.6,20.32,64
Sea Life,1,2021-07-14,Lady Melissa,44.22,-66.46,Long Island,13.6,20.32,68
Sea Life,1,2021-07-14,Lady Melissa,44.22,-66.46,Long Island,7.6,22.86,74
Sea Life,1,2021-07-14,Lady Melissa,44.22,-66.46,Long Island,7.6,22.86,63
Sea Life,1,2021-07-14,Lady Melissa,44.22,-66.46,Long Island,11.4,22.86,83
Sea Life,1,2021-07-14,Lady Melissa,44.22,-66.46,Long Island,11.4,22.86,78
Sea Life,1,2021-07-14,Lady Melissa,44.22,-66.46,Long Island,13.4,22.86,76
Sea Life,1,2021-07-14,Lady Melissa,44.22,-66.46,Long Island,13.4,22.86,91
Sea Life,1,2021-07-15,Lady Melissa,44.23,-66.47,Grand Manan,10.6,20.32,74
Sea Life,1,2021-07-15,Lady Melissa,44.23,-66.47,Grand Manan,10.6,20.32,72
Sea Life,1,2021-07-15,Lady Melissa,44.23,-66.47,Grand Manan,10.6,20.32,67
Sea Life,1,2021-07-15,Lady Melissa,44.23,-66.47,Grand Manan,10,22.86,88
Sea Life,1,2021-07-15,Lady Melissa,44.23,-66.47,Grand Manan,10,22.86,81
Sea Life,1,2021-07-15,Lady Melissa,44.23,-66.47,Grand Manan,12,22.86,104
Sea Life,1,2021-07-15,Lady Melissa,44.23,-66.47,Grand Manan,12,22.86,98
Sea Life,1,2021-07-15,Lady Melissa,44.23,-66.47,Grand Manan,8.8,20.32,63
Sea Life,1,2021-07-15,Lady Melissa,44.23,-66.47,Grand Manan,8.8,20.32,51
Sea Life,1,2021-07-15,Lady Melissa,44.23,-66.47,Grand Manan,8.8,20.32,56
Sea Life,1,2021-07-15,Lady Janice,44.25,-66.44,Grand Manan,10.4,22.86,72
Sea Life,1,2021-07-15,Lady Janice,44.25,-66.44,Grand Manan,10.4,22.86,82
Sea Life,1,2021-07-15,Lady Janice,44.25,-66.44,Grand Manan,8.6,20.32,69
Sea Life,1,2021-07-15,Lady Janice,44.25,-66.44,Grand Manan,8.6,20.32,57
Sea Life,1,2021-07-15,Lady Janice,44.25,-66.44,Grand Manan,8.8,22.86,66
Sea Life,1,2021-07-15,Lady Janice,44.25,-66.44,Grand Manan,8.8,22.86,71
Sea Life,1,2021-07-15,Lady Janice,44.25,-66.44,Grand Manan,14,22.86,83
Sea Life,1,2021-07-15,Lady Janice,44.25,-66.44,Grand Manan,14,22.86,92
Sea Life,1,2021-07-16,Lady Janice,44.2,-66.22,Long Island,8,20.32,57
Sea Life,1,2021-07-16,Lady Janice,44.2,-66.22,Long Island,8,20.32,56
Sea Life,1,2021-07-16,Lady Janice,44.2,-66.22,Long Island,8,20.32,53
Sea Life,1,2021-07-16,Lady Janice,44.2,-66.22,Long Island,7.8,20.32,66
Sea Life,1,2021-07-16,Lady Janice,44.2,-66.22,Long Island,7.8,20.32,67
Sea Life,1,2021-07-16,Lady Janice,44.2,-66.22,Long Island,7.8,20.32,54
Sea Life,1,2021-07-16,Lady Janice,44.2,-66.22,Long Island,9.8,22.86,65
Sea Life,1,2021-07-16,Lady Janice,44.2,-66.22,Long Island,9.8,22.86,75
Sea Life,1,2021-07-16,Lady Janice,44.2,-66.22,Long Island,9.8,22.86,73
Sea Life,1,2021-07-16,Lady Janice,44.2,-66.22,Long Island,16.2,22.86,112
Sea Life,1,2021-07-16,Lady Janice,44.2,-66.22,Long Island,16.2,22.86,83
Sea Life,1,2021-07-16,Lady Melissa,44.22,-66.19,Grand Manan,8.8,20.32,58
Sea Life,1,2021-07-16,Lady Melissa,44.22,-66.19,Grand Manan,8.8,20.32,60
Sea Life,1,2021-07-16,Lady Melissa,44.22,-66.19,Grand Manan,8.8,20.32,57
Sea Life,1,2021-07-16,Lady Melissa,44.22,-66.19,Grand Manan,10.8,20.32,68
Sea Life,1,2021-07-16,Lady Melissa,44.22,-66.19,Grand Manan,10.8,20.32,68
Sea Life,1,2021-07-16,Lady Melissa,44.22,-66.19,Grand Manan,10.8,20.32,63
Sea Life,1,2021-07-16,Lady Melissa,44.22,-66.19,Grand Manan,10,20.32,66
Sea Life,1,2021-07-16,Lady Melissa,44.22,-66.19,Grand Manan,10,20.32,59
Sea Life,1,2021-07-16,Lady Melissa,44.22,-66.19,Grand Manan,10,20.32,69
Sea Life,1,2021-07-16,Lady Melissa,44.22,-66.19,Grand Manan,10.4,20.32,69
Sea Life,1,2021-07-16,Lady Melissa,44.22,-66.19,Grand Manan,10.4,20.32,58
Sea Life,1,2021-07-16,Lady Melissa,44.22,-66.19,Grand Manan,10.4,20.32,66
Sea Life,1,2021-07-19,Sealife II,45.17,-64.51,Scots Bay,8.2,22.86,94
Sea Life,1,2021-07-19,Sealife II,45.17,-64.51,Scots Bay,8.2,22.86,94
Sea Life,1,2021-07-19,Sealife II,45.17,-64.51,Scots Bay,10.2,22.86,107
Sea Life,1,2021-07-19,Sealife II,45.17,-64.51,Scots Bay,10.2,22.86,95
Sea Life,1,2021-07-19,Sealife II,45.17,-64.51,Scots Bay,9.6,20.32,87
Sea Life,1,2021-07-19,Sealife II,45.17,-64.51,Scots Bay,9.6,20.32,80
Sea Life,1,2021-07-19,Sealife II,45.17,-64.51,Scots Bay,14,22.86,92
Sea Life,1,2021-07-19,Sealife II,45.17,-64.51,Scots Bay,14,22.86,91
Sea Life,1,2021-07-19,Lady Janice,45.17,-64.56,Scots Bay,8,22.86,112
Sea Life,1,2021-07-19,Lady Janice,45.17,-64.56,Scots Bay,8,22.86,103
Sea Life,1,2021-07-19,Lady Janice,45.17,-64.56,Scots Bay,7.6,22.86,91
Sea Life,1,2021-07-19,Lady Janice,45.17,-64.56,Scots Bay,7.6,22.86,83
Sea Life,1,2021-07-19,Lady Janice,45.17,-64.56,Scots Bay,7.8,22.86,98
Sea Life,1,2021-07-19,Lady Janice,45.17,-64.56,Scots Bay,7.8,22.86,92
Sea Life,1,2021-07-19,Lady Janice,45.17,-64.56,Scots Bay,11,22.86,101
Sea Life,1,2021-07-19,Lady Janice,45.17,-64.56,Scots Bay,11,22.86,105
Sea Life,1,2021-07-19,Sealife II,45.17,-64.51,Scots Bay,10,30.48,257
Sea Life,1,2021-07-19,Sealife II,45.17,-64.51,Scots Bay,7.6,27.94,226
Sea Life,1,2021-07-19,Sealife II,45.17,-64.51,Scots Bay,8.4,22.86,112
Sea Life,1,2021-07-19,Sealife II,45.17,-64.51,Scots Bay,8.4,22.86,109
Sea Life,1,2021-07-19,Sealife II,45.17,-64.51,Scots Bay,8.6,22.86,99
Sea Life,1,2021-07-19,Sealife II,45.17,-64.51,Scots Bay,8.6,22.86,91
Sea Life,1,2021-07-19,Lady Melissa,45.18,-64.52,Scots Bay,6.4,30.48,244
Sea Life,1,2021-07-19,Lady Melissa,45.18,-64.52,Scots Bay,15.8,30.48,225
Sea Life,1,2021-07-19,Lady Melissa,45.18,-64.52,Scots Bay,11.4,22.86,116
Sea Life,1,2021-07-19,Lady Melissa,45.18,-64.52,Scots Bay,11.4,22.86,115
Sea Life,1,2021-07-19,Lady Melissa,45.18,-64.52,Scots Bay,10.2,20.32,84
Sea Life,1,2021-07-19,Lady Melissa,45.18,-64.52,Scots Bay,10.2,20.32,76
Sea Life,1,2021-07-19,Lady Janice,45.17,-64.56,Scots Bay,12.2,27.94,214
Sea Life,1,2021-07-19,Lady Janice,45.17,-64.56,Scots Bay,8.6,25.4,193
Sea Life,1,2021-07-19,Lady Janice,45.17,-64.56,Scots Bay,11.2,22.89,95
Sea Life,1,2021-07-19,Lady Janice,45.17,-64.56,Scots Bay,11.2,22.86,86
Sea Life,1,2021-07-19,Lady Janice,45.17,-64.56,Scots Bay,12.8,25.4,140
Sea Life,1,2021-07-19,Lady Janice,45.17,-64.56,Scots Bay,12.8,25.4,166
Sea Life,1,2021-07-19,Brunswick Provider,,,Scots Bay,9.8,25.4,178
Sea Life,1,2021-07-19,Brunswick Provider,,,Scots Bay,7.2,27.94,193
Sea Life,1,2021-07-19,Brunswick Provider,,,Scots Bay,9.4,27.94,217
Sea Life,1,2021-07-19,Brunswick Provider,,,Scots Bay,8.6,22.86,113
Sea Life,1,2021-07-19,Brunswick Provider,,,Scots Bay,8.6,22.86,89
Sea Life,1,2021-07-20,Lady Melissa,45.17,-64.52,Scots Bay,11.6,30.48,272
Sea Life,1,2021-07-20,Lady Melissa,45.17,-64.52,Scots Bay,10.4,25.4,130
Sea Life,1,2021-07-20,Lady Melissa,45.17,-64.52,Scots Bay,10.4,25.4,123
Sea Life,1,2021-07-20,Lady Melissa,45.17,-64.52,Scots Bay,9.8,22.86,102
Sea Life,1,2021-07-20,Lady Melissa,45.17,-64.52,Scots Bay,9.8,22.86,89
Sea Life,1,2021-07-20,Lady Melissa,45.17,-64.52,Scots Bay,8.6,22.86,92
Sea Life,1,2021-07-20,Lady Melissa,45.17,-64.52,Scots Bay,8.6,22.86,98
Sea Life,1,2021-07-20,Lady Janice,45.18,-64.52,Scots Bay,10.6,27.94,185
Sea Life,1,2021-07-20,Lady Janice,45.18,-64.52,Scots Bay,11.2,27.94,222
Sea Life,1,2021-07-20,Lady Janice,45.18,-64.52,Scots Bay,10.4,25.4,164
Sea Life,1,2021-07-20,Lady Janice,45.18,-64.52,Scots Bay,9.2,22.86,85
Sea Life,1,2021-07-20,Lady Janice,45.18,-64.52,Scots Bay,9.2,22.86,86
Sea Life,1,2021-07-21,Lady Melissa,44.03,-66.39,Long Island,12,22.86,103
Sea Life,1,2021-07-21,Lady Melissa,44.03,-66.39,Long Island,12,22.86,102
Sea Life,1,2021-07-21,Lady Melissa,44.03,-66.39,Long Island,9.4,20.32,83
Sea Life,1,2021-07-21,Lady Melissa,44.03,-66.39,Long Island,9.4,20.32,88
Sea Life,1,2021-07-21,Lady Melissa,44.03,-66.39,Long Island,13.6,20.32,74
Sea Life,1,2021-07-21,Lady Melissa,44.03,-66.39,Long Island,13.6,20.32,72
Sea Life,1,2021-07-21,Lady Melissa,44.03,-66.39,Long Island,9.8,22.86,78
Sea Life,1,2021-07-21,Lady Melissa,44.03,-66.39,Long Island,9.8,22.86,74
Sea Life,1,2021-07-21,Sealife II,44.18,-64.55,Scots Bay,10,22.86,130
Sea Life,1,2021-07-21,Sealife II,44.18,-64.55,Scots Bay,10,22.86,140
Sea Life,1,2021-07-21,Sealife II,44.18,-64.55,Scots Bay,9,22.86,95
Sea Life,1,2021-07-21,Sealife II,44.18,-64.55,Scots Bay,9,22.86,92
Sea Life,1,2021-07-21,Sealife II,44.18,-64.55,Scots Bay,11.2,22.86,91
Sea Life,1,2021-07-21,Sealife II,44.18,-64.55,Scots Bay,11.2,22.86,80
Sea Life,1,2021-07-21,Sealife II,44.18,-64.55,Scots Bay,12.4,20.32,79
Sea Life,1,2021-07-21,Sealife II,44.18,-64.55,Scots Bay,12.4,20.32,80
Sea Life,1,2021-07-21,Sealife II,44.18,-64.55,Scots Bay,13.2,30.48,283
Sea Life,1,2021-07-21,Sealife II,44.18,-64.55,Scots Bay,9.4,27.94,200
Sea Life,1,2021-07-21,Sealife II,44.18,-64.55,Scots Bay,16.2,22.86,101
Sea Life,1,2021-07-21,Sealife II,44.18,-64.55,Scots Bay,16.2,22.86,96
Sea Life,1,2021-07-21,Sealife II,44.18,-64.55,Scots Bay,4.8,22.86,107
Sea Life,1,2021-07-21,Sealife II,44.18,-64.55,Scots Bay,4.8,22.86,97
Sea Life,1,2021-07-22,Lady Janice,44.12,-66.37,Long Island,14.4,22.86,87
Sea Life,1,2021-07-22,Lady Janice,44.12,-66.37,Long Island,14.4,22.86,87
Sea Life,1,2021-07-22,Lady Janice,44.12,-66.37,Long Island,8.4,22.86,90
Sea Life,1,2021-07-22,Lady Janice,44.12,-66.37,Long Island,8.4,22.86,86
Sea Life,1,2021-07-22,Lady Janice,44.12,-66.37,Long Island,9.8,20.32,71
Sea Life,1,2021-07-22,Lady Janice,44.12,-66.37,Long Island,9.8,20.32,65
Sea Life,1,2021-07-22,Lady Janice,44.12,-66.37,Long Island,9.8,22.86,88
Sea Life,1,2021-07-22,Lady Janice,44.12,-66.37,Long Island,9.8,22.86,88
Sea Life,1,2021-07-22,Sealife II,44.05,-66.29,Long Island,10.2,20.32,57
Sea Life,1,2021-07-22,Sealife II,44.05,-66.29,Long Island,10.2,20.32,57
Sea Life,1,2021-07-22,Sealife II,44.05,-66.29,Long Island,10.2,20.32,51
Sea Life,1,2021-07-22,Sealife II,44.05,-66.29,Long Island,9,20.32,68
Sea Life,1,2021-07-22,Sealife II,44.05,-66.29,Long Island,9,20.32,58
Sea Life,1,2021-07-22,Sealife II,44.05,-66.29,Long Island,9,20.32,57
Sea Life,1,2021-07-22,Sealife II,44.05,-66.29,Long Island,12.8,20.32,59
Sea Life,1,2021-07-22,Sealife II,44.05,-66.29,Long Island,12.8,20.32,53
Sea Life,1,2021-07-22,Sealife II,44.05,-66.29,Long Island,12.8,20.32,62
Sea Life,1,2021-07-22,Sealife II,44.05,-66.29,Long Island,17.4,20.32,74
Sea Life,1,2021-07-22,Sealife II,44.05,-66.29,Long Island,17.4,20.32,68
Sea Life,1,2021-07-23,Lady Janice,44.19,-66.29,Long Island,16.2,22.86,114
Sea Life,1,2021-07-23,Lady Janice,44.19,-66.29,Long Island,16.2,22.86,113
Sea Life,1,2021-07-23,Lady Janice,44.19,-66.29,Long Island,13.6,22.86,109
Sea Life,1,2021-07-23,Lady Janice,44.19,-66.29,Long Island,13.6,22.86,101
Sea Life,1,2021-07-23,Lady Janice,44.19,-66.29,Long Island,14.4,22.86,77
Sea Life,1,2021-07-23,Lady Janice,44.19,-66.29,Long Island,14.4,22.86,87
Sea Life,1,2021-07-23,Lady Janice,44.19,-66.29,Long Island,11.6,20.32,73
Sea Life,1,2021-07-23,Lady Janice,44.19,-66.29,Long Island,11.6,20.32,76
Sea Life,1,2021-07-28,Lady Janice,44.19,-66.21,Long Island,8.8,17.78,55
Sea Life,1,2021-07-28,Lady Janice,44.19,-66.21,Long Island,8.8,17.78,46
Sea Life,1,2021-07-28,Lady Janice,44.19,-66.21,Long Island,8.8,17.78,47
Sea Life,1,2021-07-28,Lady Janice,44.19,-66.21,Long Island,8,17.78,54
Sea Life,1,2021-07-28,Lady Janice,44.19,-66.21,Long Island,8,17.78,60
Sea Life,1,2021-07-28,Lady Janice,44.19,-66.21,Long Island,8,17.78,63
Sea Life,1,2021-07-28,Lady Janice,44.19,-66.21,Long Island,9,17.78,49
Sea Life,1,2021-07-28,Lady Janice,44.19,-66.21,Long Island,9,17.78,50
Sea Life,1,2021-07-28,Lady Janice,44.19,-66.21,Long Island,9,17.78,47
Sea Life,1,2021-07-28,Lady Janice,44.19,-66.21,Long Island,9.6,17.78,57
Sea Life,1,2021-07-28,Lady Janice,44.19,-66.21,Long Island,9.6,17.78,59
Sea Life,1,2021-07-28,Lady Janice,44.19,-66.21,Long Island,9.6,17.78,55
Sea Life,1,2021-07-29,Lady Janice,43.55,-66.28,Lurcher,12,20.32,72
Sea Life,1,2021-07-29,Lady Janice,43.55,-66.28,Lurcher,12,20.32,67
Sea Life,1,2021-07-29,Lady Janice,43.55,-66.28,Lurcher,12,20.32,75
Sea Life,1,2021-07-29,Lady Janice,43.55,-66.28,Lurcher,9.8,17.78,52
Sea Life,1,2021-07-29,Lady Janice,43.55,-66.28,Lurcher,9.8,17.78,60
Sea Life,1,2021-07-29,Lady Janice,43.55,-66.28,Lurcher,9.8,17.78,62
Sea Life,1,2021-07-29,Lady Janice,43.55,-66.28,Lurcher,9.2,17.78,55
Sea Life,1,2021-07-29,Lady Janice,43.55,-66.28,Lurcher,9.2,17.78,52
Sea Life,1,2021-07-29,Lady Janice,43.55,-66.28,Lurcher,9.2,17.78,56
Sea Life,1,2021-07-29,Lady Janice,43.55,-66.28,Lurcher,12.2,17.78,55
Sea Life,1,2021-07-29,Lady Janice,43.55,-66.28,Lurcher,12.2,17.78,51
Sea Life,1,2021-07-29,Lady Janice,43.55,-66.28,Lurcher,12.2,17.78,53
Sea Life,1,2021-07-30,Lady Janice,43.53,-66.29,Lurcher,9.2,17.78,54
Sea Life,1,2021-07-30,Lady Janice,43.53,-66.29,Lurcher,9.2,17.78,49
Sea Life,1,2021-07-30,Lady Janice,43.53,-66.29,Lurcher,9.2,17.78,56
Sea Life,1,2021-07-30,Lady Janice,43.53,-66.29,Lurcher,7.6,22.86,88
Sea Life,1,2021-07-30,Lady Janice,43.53,-66.29,Lurcher,7.6,22.86,76
Sea Life,1,2021-07-30,Lady Janice,43.53,-66.29,Lurcher,8.4,20.32,61
Sea Life,1,2021-07-30,Lady Janice,43.53,-66.29,Lurcher,8.4,20.32,60
Sea Life,1,2021-07-30,Lady Janice,43.53,-66.29,Lurcher,8.4,20.32,62
Sea Life,1,2021-07-30,Lady Janice,43.53,-66.29,Lurcher,11.4,20.32,62
Sea Life,1,2021-07-30,Lady Janice,43.53,-66.29,Lurcher,11.4,20.32,59
Sea Life,1,2021-07-30,Lady Janice,43.53,-66.29,Lurcher,11.4,20.32,57
Sea Life,1,2021-08-02,Brunswick Provider,45.06,-65.45,Scots Bay,15,27.94,228
Sea Life,1,2021-08-02,Brunswick Provider,45.06,-65.45,Scots Bay,4.8,27.94,249
Sea Life,1,2021-08-02,Brunswick Provider,45.06,-65.45,Scots Bay,16.2,27.94,202
Sea Life,1,2021-08-02,Brunswick Provider,45.06,-65.45,Scots Bay,15.4,25.4,196
Sea Life,1,2021-08-02,Lady Melissa,45.07,-65.03,Scots Bay,8.8,27.94,245
Sea Life,1,2021-08-02,Lady Melissa,45.07,-65.03,Scots Bay,12.8,27.94,207
Sea Life,1,2021-08-02,Lady Melissa,45.07,-65.03,Scots Bay,14.6,27.94,231
Sea Life,1,2021-08-02,Lady Melissa,45.07,-65.03,Scots Bay,13.6,27.94,224
Sea Life,1,2021-08-03,Sealife II,45.08,-65.01,Scots Bay,16,27.94,250
Sea Life,1,2021-08-03,Sealife II,45.08,-65.01,Scots Bay,15.6,27.94,225
Sea Life,1,2021-08-03,Sealife II,45.08,-65.01,Scots Bay,17.4,27.94,213
Sea Life,1,2021-08-03,Sealife II,45.08,-65.01,Scots Bay,13.2,27.94,208
Sea Life,1,2021-08-03,Lady Janice,45.07,-65.02,Scots Bay,13.2,27.94,227
Sea Life,1,2021-08-03,Lady Janice,45.07,-65.02,Scots Bay,9.6,27.94,215
Sea Life,1,2021-08-03,Lady Janice,45.07,-65.02,Scots Bay,17.8,27.94,235
Sea Life,1,2021-08-03,Lady Janice,45.07,-65.02,Scots Bay,18.6,27.94,221
Sea Life,1,2021-08-03,Lady Melissa,45.08,-65.01,Scots Bay,16,25.4,186
Sea Life,1,2021-08-03,Lady Melissa,45.08,-65.01,Scots Bay,15.2,27.94,213
Sea Life,1,2021-08-03,Lady Melissa,45.08,-65.01,Scots Bay,7.8,27.94,187
Sea Life,1,2021-08-03,Lady Melissa,45.08,-65.01,Scots Bay,5,27.94,227
Sea Life,1,2021-08-03,Sealife II,45.08,-65.01,Scots Bay,13.2,22.86,119
Sea Life,1,2021-08-03,Sealife II,45.08,-65.01,Scots Bay,13.2,22.86,102
Sea Life,1,2021-08-03,Sealife II,45.08,-65.01,Scots Bay,11.2,22.86,100
Sea Life,1,2021-08-03,Sealife II,45.08,-65.01,Scots Bay,11.2,22.86,107
Sea Life,1,2021-08-03,Sealife II,45.08,-65.01,Scots Bay,13.6,22.86,112
Sea Life,1,2021-08-03,Sealife II,45.08,-65.01,Scots Bay,13.6,22.86,110
Sea Life,1,2021-08-03,Sealife II,45.08,-65.01,Scots Bay,11.8,22.86,93
Sea Life,1,2021-08-03,Sealife II,45.08,-65.01,Scots Bay,11.8,22.86,91
Sea Life,1,2021-08-03,Lady Janice,45.07,-65.02,Scots Bay,9.4,22.86,117
Sea Life,1,2021-08-03,Lady Janice,45.07,-65.02,Scots Bay,9.4,22.86,107
Sea Life,1,2021-08-03,Lady Janice,45.07,-65.02,Scots Bay,14.2,22.86,110
Sea Life,1,2021-08-03,Lady Janice,45.07,-65.02,Scots Bay,14.2,22.86,118
Sea Life,1,2021-08-03,Lady Janice,45.07,-65.02,Scots Bay,6,22.86,108
Sea Life,1,2021-08-03,Lady Janice,45.07,-65.02,Scots Bay,6,22.86,105
Sea Life,1,2021-08-03,Lady Janice,45.07,-65.02,Scots Bay,13.4,22.86,112
Sea Life,1,2021-08-03,Lady Janice,45.07,-65.02,Scots Bay,13.4,22.86,109
Sea Life,1,2021-08-04,Sealife II,45.06,-65.04,Scots Bay,6.4,27.94,172
Sea Life,1,2021-08-04,Sealife II,45.06,-65.04,Scots Bay,10.6,27.94,222
Sea Life,1,2021-08-04,Sealife II,45.06,-65.04,Scots Bay,15,27.94,253
Sea Life,1,2021-08-04,Sealife II,45.06,-65.04,Scots Bay,13.6,27.94,211
Sea Life,1,2021-08-10,Sealife II,44.19,-66.23,Long Island,8.8,20.32,73
Sea Life,1,2021-08-10,Sealife II,44.19,-66.23,Long Island,8.8,20.32,60
Sea Life,1,2021-08-10,Sealife II,44.19,-66.23,Long Island,8.8,20.32,55
Sea Life,1,2021-08-10,Sealife II,44.19,-66.23,Long Island,8.6,22.86,79
Sea Life,1,2021-08-10,Sealife II,44.19,-66.23,Long Island,8.6,22.86,68
Sea Life,1,2021-08-10,Sealife II,44.19,-66.23,Long Island,8.6,22.86,65
Sea Life,1,2021-08-10,Sealife II,44.19,-66.23,Long Island,10.4,20.32,54
Sea Life,1,2021-08-10,Sealife II,44.19,-66.23,Long Island,10.4,20.32,52
Sea Life,1,2021-08-10,Sealife II,44.19,-66.23,Long Island,10.4,20.32,50
Sea Life,1,2021-08-10,Sealife II,44.19,-66.23,Long Island,10.2,20.32,56
Sea Life,1,2021-08-10,Sealife II,44.19,-66.23,Long Island,10.2,20.32,53
Sea Life,1,2021-08-10,Sealife II,44.19,-66.23,Long Island,10.2,20.32,55
Sea Life,1,2021-08-12,Sealife II,44.16,-67.01,Grand Manan,9.4,22.86,65
Sea Life,1,2021-08-12,Sealife II,44.16,-67.01,Grand Manan,9.4,22.86,63
Sea Life,1,2021-08-12,Sealife II,44.16,-67.01,Grand Manan,7.6,20.32,53
Sea Life,1,2021-08-12,Sealife II,44.16,-67.01,Grand Manan,7.6,20.32,54
Sea Life,1,2021-08-12,Sealife II,44.16,-67.01,Grand Manan,9.8,22.86,70
Sea Life,1,2021-08-12,Sealife II,44.16,-67.01,Grand Manan,9.8,22.86,69
Sea Life,1,2021-08-12,Sealife II,44.16,-67.01,Grand Manan,11.2,22.86,80
Sea Life,1,2021-08-12,Sealife II,44.16,-67.01,Grand Manan,11.2,22.86,76
Sea Life,1,2021-08-12,Lady Melissa,44.16,-66.59,Grand Manan,10.2,22.86,59
Sea Life,1,2021-08-12,Lady Melissa,44.16,-66.59,Grand Manan,10.2,22.86,63
Sea Life,1,2021-08-12,Lady Melissa,44.16,-66.59,Grand Manan,7.6,22.86,65
Sea Life,1,2021-08-12,Lady Melissa,44.16,-66.59,Grand Manan,7.6,22.86,65
Sea Life,1,2021-08-12,Lady Melissa,44.16,-66.59,Grand Manan,8.6,21.59,65
Sea Life,1,2021-08-12,Lady Melissa,44.16,-66.59,Grand Manan,8.6,21.59,51
Sea Life,1,2021-08-12,Lady Melissa,44.16,-66.59,Grand Manan,9.8,21.59,57
Sea Life,1,2021-08-12,Lady Melissa,44.16,-66.59,Grand Manan,9.8,21.59,55
Sea Life,1,2021-08-17,Lady Melissa,45.08,-65.04,Scots Bay,9.2,22.86,109
Sea Life,1,2021-08-17,Lady Melissa,45.08,-65.04,Scots Bay,9.2,22.86,108
Sea Life,1,2021-08-17,Lady Melissa,45.08,-65.04,Scots Bay,6.2,25.4,134
Sea Life,1,2021-08-17,Lady Melissa,45.08,-65.04,Scots Bay,6.2,25.4,127
Sea Life,1,2021-08-17,Lady Melissa,45.08,-65.04,Scots Bay,15,25.4,131
Sea Life,1,2021-08-17,Lady Melissa,45.08,-65.04,Scots Bay,15,25.4,129
Sea Life,1,2021-08-17,Lady Melissa,45.08,-65.04,Scots Bay,5.8,22.86,110
Sea Life,1,2021-08-17,Lady Melissa,45.08,-65.04,Scots Bay,5.8,22.86,108
Sea Life,1,2021-08-17,Lady Janice,45.07,-65.03,Scots Bay,10.4,22.86,122
Sea Life,1,2021-08-17,Lady Janice,45.07,-65.03,Scots Bay,10.4,22.86,121
Sea Life,1,2021-08-17,Lady Janice,45.07,-65.03,Scots Bay,8.2,22.86,113
Sea Life,1,2021-08-17,Lady Janice,45.07,-65.03,Scots Bay,8.2,22.86,109
Sea Life,1,2021-08-17,Lady Janice,45.07,-65.03,Scots Bay,10,22.86,111
Sea Life,1,2021-08-17,Lady Janice,45.07,-65.03,Scots Bay,10,22.86,98
Sea Life,1,2021-08-17,Lady Janice,45.07,-65.03,Scots Bay,9.4,22.86,121
Sea Life,1,2021-08-17,Lady Janice,45.07,-65.03,Scots Bay,9.4,22.86,123
Sea Life,1,2021-08-17,Lady Melissa,45.08,-65.04,Scots Bay,9.4,27.94,206
Sea Life,1,2021-08-17,Lady Melissa,45.08,-65.04,Scots Bay,5.2,27.94,215
Sea Life,1,2021-08-17,Lady Melissa,45.08,-65.04,Scots Bay,9,27.94,230
Sea Life,1,2021-08-17,Lady Melissa,45.08,-65.04,Scots Bay,12.2,27.94,197
Sea Life,1,2021-08-17,Sealife II,45.08,-65.03,Scots Bay,10.6,27.94,212
Sea Life,1,2021-08-17,Sealife II,45.08,-65.03,Scots Bay,9,27.94,209
Sea Life,1,2021-08-17,Sealife II,45.08,-65.03,Scots Bay,10.6,27.94,232
Sea Life,1,2021-08-17,Sealife II,45.08,-65.03,Scots Bay,7,27.94,212
Sea Life,1,2021-08-17,Lady Janice,45.07,-65.03,Scots Bay,11,27.94,213
Sea Life,1,2021-08-17,Lady Janice,45.07,-65.03,Scots Bay,12.2,30.48,250
Sea Life,1,2021-08-17,Lady Janice,45.07,-65.03,Scots Bay,11,27.94,205
Sea Life,1,2021-08-17,Lady Janice,45.07,-65.03,Scots Bay,9.8,27.94,237
Sea Life,1,2021-08-18,Lady Melissa,45.07,-65.03,Scots Bay,6,25.4,151
Sea Life,1,2021-08-18,Lady Melissa,45.07,-65.03,Scots Bay,6,25.4,163
Sea Life,1,2021-08-18,Lady Melissa,45.07,-65.03,Scots Bay,12.6,22.86,134
Sea Life,1,2021-08-18,Lady Melissa,45.07,-65.03,Scots Bay,12.6,22.86,134
Sea Life,1,2021-08-18,Lady Melissa,45.07,-65.03,Scots Bay,12.6,22.86,112
Sea Life,1,2021-08-18,Lady Melissa,45.07,-65.03,Scots Bay,12.6,22.86,102
Sea Life,1,2021-08-18,Lady Melissa,45.07,-65.03,Scots Bay,10.6,22.86,114
Sea Life,1,2021-08-18,Lady Melissa,45.07,-65.03,Scots Bay,10.6,22.86,114
Sea Life,1,2021-08-18,Lady Janice,45.08,-65.01,Scots Bay,9,25.4,150
Sea Life,1,2021-08-18,Lady Janice,45.08,-65.01,Scots Bay,9,25.4,143
Sea Life,1,2021-08-18,Lady Janice,45.08,-65.01,Scots Bay,8.6,25.4,144
Sea Life,1,2021-08-18,Lady Janice,45.08,-65.01,Scots Bay,8.6,25.4,141
Sea Life,1,2021-08-18,Lady Janice,45.08,-65.01,Scots Bay,12.2,22.86,110
Sea Life,1,2021-08-18,Lady Janice,45.08,-65.01,Scots Bay,12.2,22.86,110
Sea Life,1,2021-08-18,Lady Janice,45.08,-65.01,Scots Bay,10.8,22.86,114
Sea Life,1,2021-08-18,Lady Janice,45.08,-65.01,Scots Bay,10.8,22.86,112
Sea Life,1,2021-08-18,Sealife II,45.09,-64.59,Scots Bay,11.2,25.4,149
Sea Life,1,2021-08-18,Sealife II,45.09,-64.59,Scots Bay,11.2,25.4,147
Sea Life,1,2021-08-18,Sealife II,45.09,-64.59,Scots Bay,11.2,22.86,110
Sea Life,1,2021-08-18,Sealife II,45.09,-64.59,Scots Bay,11.2,22.86,112
Sea Life,1,2021-08-18,Sealife II,45.09,-64.59,Scots Bay,8.4,22.86,139
Sea Life,1,2021-08-18,Sealife II,45.09,-64.59,Scots Bay,8.4,22.86,143
Sea Life,1,2021-08-18,Sealife II,45.09,-64.59,Scots Bay,9.2,22.86,109
Sea Life,1,2021-08-18,Sealife II,45.09,-64.59,Scots Bay,9.2,22.86,106
Sea Life,1,2021-08-18,Lady Melissa,45.07,-65.03,Scots Bay,9,27.94,257
Sea Life,1,2021-08-18,Lady Melissa,45.07,-65.03,Scots Bay,14.8,25.4,197
Sea Life,1,2021-08-18,Lady Melissa,45.07,-65.03,Scots Bay,8,27.94,215
Sea Life,1,2021-08-18,Lady Melissa,45.07,-65.03,Scots Bay,12,27.94,207
Sea Life,1,2021-08-18,Lady Janice,45.08,-65.01,Scots Bay,10,27.94,238
Sea Life,1,2021-08-18,Lady Janice,45.08,-65.01,Scots Bay,11,27.94,230
Sea Life,1,2021-08-18,Lady Janice,45.08,-65.01,Scots Bay,6,30.48,245
Sea Life,1,2021-08-18,Lady Janice,45.08,-65.01,Scots Bay,8.4,27.94,241
Sea Life,1,2021-08-18,Sealife II,45.09,-64.59,Scots Bay,9.8,27.94,240
Sea Life,1,2021-08-18,Sealife II,45.09,-64.59,Scots Bay,11,27.94,232
Sea Life,1,2021-08-18,Sealife II,45.09,-64.59,Scots Bay,7.8,27.94,199
Sea Life,1,2021-08-18,Sealife II,45.09,-64.59,Scots Bay,7.2,27.94,214
Sea Life,1,2021-08-19,Lady Janice,45.07,-65.01,Scots Bay,9.2,22.86,130
Sea Life,1,2021-08-18,Lady Janice,45.07,-65.01,Scots Bay,9.2,22.86,128
Sea Life,1,2021-08-18,Lady Janice,45.07,-65.01,Scots Bay,8.2,25.4,153
Sea Life,1,2021-08-18,Lady Janice,45.07,-65.01,Scots Bay,8.2,25.4,147
Sea Life,1,2021-08-18,Lady Janice,45.07,-65.01,Scots Bay,6.8,22.86,111
Sea Life,1,2021-08-18,Lady Janice,45.07,-65.01,Scots Bay,6.8,22.86,99
Sea Life,1,2021-08-18,Lady Janice,45.07,-65.01,Scots Bay,6.6,25.4,134
Sea Life,1,2021-08-18,Lady Janice,45.07,-65.01,Scots Bay,6.6,25.4,146
Sea Life,1,2021-08-18,Lady Janice,45.07,-65.01,Scots Bay,7,27.94,203
Sea Life,1,2021-08-18,Lady Janice,45.07,-65.01,Scots Bay,11.2,27.94,241
Sea Life,1,2021-08-18,Lady Janice,45.07,-65.01,Scots Bay,15.2,27.94,213
Sea Life,1,2021-08-18,Lady Janice,45.07,-65.01,Scots Bay,11.6,27.94,220
Sea Life,1,2021-08-18,Lady Melissa,45.08,-65.01,Scots Bay,2.8,27.94,226
Sea Life,1,2021-08-18,Lady Janice,45.07,-65.01,Scots Bay,13.2,27.94,219
Sea Life,1,2021-08-18,Lady Janice,45.07,-65.01,Scots Bay,7.4,27.94,202
Sea Life,1,2021-08-18,Lady Janice,45.07,-65.01,Scots Bay,7.6,30.48,239
Sea Life,1,2021-08-18,Sealife II,45.09,-64.58,Scots Bay,5,27.94,208
Sea Life,1,2021-08-18,Sealife II,45.09,-64.58,Scots Bay,11.8,27.94,239
Sea Life,1,2021-08-18,Sealife II,45.09,-64.58,Scots Bay,8.6,30.48,235
Sea Life,1,2021-08-18,Sealife II,45.09,-64.58,Scots Bay,8,27.94,178
Sea Life,1,2021-08-30,Lady Melissa,45.07,-65.02,Scots Bay,8.4,27.94,242
Sea Life,1,2021-08-30,Lady Melissa,45.07,-65.02,Scots Bay,4.6,27.94,218
Sea Life,1,2021-08-30,Lady Melissa,45.07,-65.02,Scots Bay,13.4,27.94,203
Sea Life,1,2021-08-30,Lady Melissa,45.07,-65.02,Scots Bay,8.4,27.94,219
Sea Life,1,2021-08-30,Lady Melissa,45.07,-65.02,Scots Bay,9.4,22.86,104
Sea Life,1,2021-08-30,Lady Melissa,45.07,-65.02,Scots Bay,9.4,22.86,103
Sea Life,1,2021-08-30,Lady Melissa,45.07,-65.02,Scots Bay,7.6,22.86,102
Sea Life,1,2021-08-30,Lady Melissa,45.07,-65.02,Scots Bay,7.6,22.86,95
Sea Life,1,2021-08-30,Lady Melissa,45.07,-65.02,Scots Bay,9.8,22.86,118
Sea Life,1,2021-08-30,Lady Melissa,45.07,-65.02,Scots Bay,9.8,22.86,126
Sea Life,1,2021-08-30,Lady Melissa,45.07,-65.02,Scots Bay,10.8,22.86,104
Sea Life,1,2021-08-30,Lady Melissa,45.07,-65.02,Scots Bay,10.8,22.86,106
Sea Life,1,2021-08-31,Lady Melissa,45.07,-65.06,Scots Bay,12.2,27.94,239
Sea Life,1,2021-08-31,Lady Melissa,45.07,-65.06,Scots Bay,15,27.94,219
Sea Life,1,2021-08-31,Lady Melissa,45.07,-65.06,Scots Bay,10.6,27.94,204
Sea Life,1,2021-08-31,Lady Melissa,45.07,-65.06,Scots Bay,10,27.94,215
Sea Life,1,2021-08-31,Sealife II,45.07,-65.03,Scots Bay,12.6,27.94,212
Sea Life,1,2021-08-31,Sealife II,45.07,-65.03,Scots Bay,7,27.94,186
Sea Life,1,2021-08-31,Sealife II,45.07,-65.03,Scots Bay,10,27.94,197
Sea Life,1,2021-08-31,Sealife II,45.07,-65.03,Scots Bay,16.6,27.94,202
Sea Life,1,2021-08-31,Lady Janice,45.07,-65.02,Scots Bay,7.6,30.48,234
Sea Life,1,2021-08-31,Lady Janice,45.07,-65.02,Scots Bay,10.4,27.94,192
Sea Life,1,2021-08-31,Lady Janice,45.07,-65.02,Scots Bay,12.8,27.94,186
Sea Life,1,2021-08-31,Lady Janice,45.07,-65.02,Scots Bay,9,27.94,198
Sea Life,1,2021-09-01,Lady Melissa,43.2,-66.25,German Bank,11.6,27.94,209
Sea Life,1,2021-09-01,Lady Melissa,43.2,-66.25,German Bank,11,27.94,213
Sea Life,1,2021-09-01,Lady Melissa,43.2,-66.25,German Bank,17,27.94,212
Sea Life,1,2021-09-01,Lady Melissa,43.2,-66.25,German Bank,16.4,27.94,199
Sea Life,1,2021-09-01,Sealife II,43.19,-66.25,German Bank,9.6,27.94,264
Sea Life,1,2021-09-01,Sealife II,43.19,-66.25,German Bank,8,27.94,175
Sea Life,1,2021-09-01,Sealife II,43.19,-66.25,German Bank,12.6,27.94,179
Sea Life,1,2021-09-01,Sealife II,43.19,-66.25,German Bank,11.4,27.94,159
Sea Life,1,2021-09-01,Sealife II,43.19,-66.25,German Bank,11.4,27.94,174
Sea Life,1,2021-09-02,Lady Janice,45.08,-65.01,Scots Bay,9.6,25.4,152
Sea Life,1,2021-09-02,Lady Janice,45.08,-65.01,Scots Bay,9.6,25.4,150
Sea Life,1,2021-09-02,Lady Janice,45.08,-65.01,Scots Bay,7,27.94,177
Sea Life,1,2021-09-02,Lady Janice,45.08,-65.01,Scots Bay,12.6,22.86,95
Sea Life,1,2021-09-02,Lady Janice,45.08,-65.01,Scots Bay,12.6,22.86,108
Sea Life,1,2021-09-02,Lady Janice,45.08,-65.01,Scots Bay,16.6,27.94,209
Sea Life,1,2021-09-08,Lady Melissa,43.19,-66.25,German Bank,8.8,22.86,117
Sea Life,1,2021-09-08,Lady Melissa,43.19,-66.25,German Bank,8.8,22.86,113
Sea Life,1,2021-09-08,Lady Melissa,43.19,-66.25,German Bank,10,25.4,128
Sea Life,1,2021-09-08,Lady Melissa,43.19,-66.25,German Bank,10,25.4,121
Sea Life,1,2021-09-08,Lady Melissa,43.19,-66.25,German Bank,8.8,25.4,118
Sea Life,1,2021-09-08,Lady Melissa,43.19,-66.25,German Bank,8.8,25.4,116
Sea Life,1,2021-09-08,Lady Melissa,43.19,-66.25,German Bank,7.4,25.4,149
Sea Life,1,2021-09-08,Lady Melissa,43.19,-66.25,German Bank,7.4,25.4,142
Sea Life,1,2021-09-08,Sealife II,43.19,-66.25,German Bank,8.6,22.86,110
Sea Life,1,2021-09-08,Sealife II,43.19,-66.25,German Bank,8.6,22.86,115
Sea Life,1,2021-09-08,Sealife II,43.19,-66.25,German Bank,13,25.4,143
Sea Life,1,2021-09-08,Sealife II,43.19,-66.25,German Bank,13,22.86,134
Sea Life,1,2021-09-08,Sealife II,43.19,-66.25,German Bank,6.8,25.4,123
Sea Life,1,2021-09-08,Sealife II,43.19,-66.25,German Bank,6.8,25.4,126
Sea Life,1,2021-09-08,Sealife II,43.19,-66.25,German Bank,7,25.4,132
Sea Life,1,2021-09-08,Sealife II,43.19,-66.25,German Bank,7,22.86,124
Sea Life,1,2021-09-08,Lady Melissa,43.19,-66.25,German Bank,8.2,22.86,110
Sea Life,1,2021-09-08,Lady Melissa,43.19,-66.25,German Bank,8.2,22.86,109
Sea Life,1,2021-09-08,Lady Melissa,43.19,-66.25,German Bank,14.8,27.94,206
Sea Life,1,2021-09-08,Lady Melissa,43.19,-66.25,German Bank,14.8,25.4,169
Sea Life,1,2021-09-08,Lady Melissa,43.19,-66.25,German Bank,17.4,27.94,193
Sea Life,1,2021-09-08,Sealife II,43.19,-66.25,German Bank,11.8,27.94,212
Sea Life,1,2021-09-08,Sealife II,43.19,-66.25,German Bank,16.8,27.94,210
Sea Life,1,2021-09-08,Sealife II,43.19,-66.25,German Bank,10.2,22.86,116
Sea Life,1,2021-09-08,Sealife II,43.19,-66.25,German Bank,10.2,22.86,120
Sea Life,1,2021-09-08,Sealife II,43.19,-66.25,German Bank,6,27.94,185
Sea Life,1,2021-09-08,Sealife II,43.19,-66.25,German Bank,6,25.4,146
Sea Life,1,2021-09-09,Sealife II,43.17,-66.23,German Bank,5.8,25.4,119
Sea Life,1,2021-09-09,Sealife II,43.17,-66.23,German Bank,5.8,25.4,122
Sea Life,1,2021-09-09,Sealife II,43.17,-66.23,German Bank,7.6,22.86,131
Sea Life,1,2021-09-09,Sealife II,43.17,-66.23,German Bank,7.6,22.86,120
Sea Life,1,2021-09-09,Sealife II,43.17,-66.23,German Bank,12,22.86,114
Sea Life,1,2021-09-09,Sealife II,43.17,-66.23,German Bank,12,22.86,114
Sea Life,1,2021-09-09,Sealife II,43.17,-66.23,German Bank,5.4,22.86,102
Sea Life,1,2021-09-09,Sealife II,43.17,-66.23,German Bank,5.4,22.86,108
Sea Life,1,2021-09-09,Lady Melissa,43.19,-66.24,German Bank,6.8,22.86,125
Sea Life,1,2021-09-09,Lady Melissa,43.19,-66.24,German Bank,6.8,22.86,120
Sea Life,1,2021-09-09,Lady Melissa,43.19,-66.24,German Bank,6.6,22.86,105
Sea Life,1,2021-09-09,Lady Melissa,43.19,-66.24,German Bank,6.6,22.86,107
Sea Life,1,2021-09-09,Lady Melissa,43.19,-66.24,German Bank,9.6,25.4,147
Sea Life,1,2021-09-09,Lady Melissa,43.19,-66.24,German Bank,9.6,25.4,137
Sea Life,1,2021-09-09,Lady Melissa,43.19,-66.24,German Bank,8.4,25.4,129
Sea Life,1,2021-09-09,Lady Melissa,43.19,-66.24,German Bank,8.4,22.86,123
Sea Life,1,2021-09-09,Sealife II,43.17,-66.23,German Bank,7.4,22.86,114
Sea Life,1,2021-09-09,Sealife II,43.17,-66.23,German Bank,7.4,25.4,130
Sea Life,1,2021-09-09,Sealife II,43.17,-66.23,German Bank,7.8,30.48,218
Sea Life,1,2021-09-09,Sealife II,43.17,-66.23,German Bank,14.2,27.94,187
Sea Life,1,2021-09-09,Sealife II,43.17,-66.23,German Bank,12.2,30.48,214
Sea Life,1,2021-09-09,Lady Melissa,43.19,-66.24,German Bank,5.8,27.94,170
Sea Life,1,2021-09-09,Lady Melissa,43.19,-66.24,German Bank,6.8,25.4,151
Sea Life,1,2021-09-09,Lady Melissa,43.19,-66.24,German Bank,6.8,25.4,156
Sea Life,1,2021-09-09,Lady Melissa,43.19,-66.24,German Bank,9.4,25.4,152
Sea Life,1,2021-09-09,Lady Melissa,43.19,-66.24,German Bank,9.4,22.86,131
Sea Life,1,2021-09-09,Lady Melissa,43.19,-66.24,German Bank,11.6,25.4,165
Sea Life,1,2021-09-09,Lady Melissa,43.19,-66.24,German Bank,11.6,27.94,170
Sea Life,1,2021-09-14,Lady Melissa,45.08,-65.03,Scots Bay,8.2,27.94,188
Sea Life,1,2021-09-14,Lady Melissa,45.08,-65.03,Scots Bay,9.6,27.94,195
Sea Life,1,2021-09-14,Lady Melissa,45.08,-65.03,Scots Bay,8.4,25.4,161
Sea Life,1,2021-09-14,Lady Melissa,45.08,-65.03,Scots Bay,8.4,25.4,143
Sea Life,1,2021-09-14,Lady Melissa,45.08,-65.03,Scots Bay,6.4,25.4,233
Sea Life,1,2021-09-14,Lady Janice,45.08,-65.04,Scots Bay,8,27.94,229
Sea Life,1,2021-09-14,Lady Janice,45.08,-65.04,Scots Bay,8.8,27.94,227
Sea Life,1,2021-09-14,Lady Janice,45.08,-65.04,Scots Bay,11,25.4,197
Sea Life,1,2021-09-14,Lady Janice,45.08,-65.04,Scots Bay,6.2,25.4,187
Sea Life,1,2021-09-14,Sealife II,45.09,-65.01,Scots Bay,9.8,30.48,232
Sea Life,1,2021-09-14,Sealife II,45.09,-65.01,Scots Bay,4.4,22.86,100
Sea Life,1,2021-09-14,Sealife II,45.09,-65.01,Scots Bay,4.4,22.86,99
Sea Life,1,2021-09-14,Sealife II,45.09,-65.01,Scots Bay,8.8,27.94,215
Sea Life,1,2021-09-14,Sealife II,45.09,-65.01,Scots Bay,8,25.4,148
Sea Life,1,2021-09-14,Sealife II,45.09,-65.01,Scots Bay,8,25.4,151
Sea Life,1,2021-09-14,Lady Melissa,45.08,-65.03,Scots Bay,7,22.86,108
Sea Life,1,2021-09-14,Lady Melissa,45.08,-65.03,Scots Bay,7,22.86,103
Sea Life,1,2021-09-14,Lady Melissa,45.08,-65.03,Scots Bay,9.4,22.86,104
Sea Life,1,2021-09-14,Lady Melissa,45.08,-65.03,Scots Bay,9.4,22.86,106
Sea Life,1,2021-09-14,Lady Melissa,45.08,-65.03,Scots Bay,9.8,22.86,119
Sea Life,1,2021-09-14,Lady Melissa,45.08,-65.03,Scots Bay,9.8,25.4,119
Sea Life,1,2021-09-14,Lady Melissa,45.08,-65.03,Scots Bay,9,25.4,116
Sea Life,1,2021-09-14,Lady Melissa,45.08,-65.03,Scots Bay,9,22.86,96
Sea Life,1,2021-09-14,Sealife II,45.09,-65.01,Scots Bay,5.6,22.86,108
Sea Life,1,2021-09-14,Sealife II,45.09,-65.01,Scots Bay,5.6,22.86,100
Sea Life,1,2021-09-14,Sealife II,45.09,-65.01,Scots Bay,5.2,22.86,83
Sea Life,1,2021-09-14,Sealife II,45.09,-65.01,Scots Bay,5.2,22.86,98
Sea Life,1,2021-09-14,Sealife II,45.09,-65.01,Scots Bay,8.6,22.86,101
Sea Life,1,2021-09-14,Sealife II,45.09,-65.01,Scots Bay,8.6,22.86,117
Sea Life,1,2021-09-14,Sealife II,45.09,-65.01,Scots Bay,5.8,25.4,134
Sea Life,1,2021-09-14,Sealife II,45.09,-65.01,Scots Bay,5.8,25.4,117
Sea Life,1,2021-09-15,Lady Melissa,45.08,-65.03,Scots Bay,12.6,27.94,179
Sea Life,1,2021-09-15,Lady Melissa,45.08,-65.03,Scots Bay,4.6,27.94,197
Sea Life,1,2021-09-15,Lady Melissa,45.08,-65.03,Scots Bay,4.4,25.4,173
Sea Life,1,2021-09-15,Lady Melissa,45.08,-65.03,Scots Bay,7.4,27.94,193
Sea Life,1,2021-09-15,Sealife II,45.09,-65.01,Scots Bay,5.6,27.94,219
Sea Life,1,2021-09-15,Sealife II,45.09,-65.01,Scots Bay,4.6,27.94,204
Sea Life,1,2021-09-15,Sealife II,45.09,-65.01,Scots Bay,10.6,27.94,203
Sea Life,1,2021-09-15,Sealife II,45.09,-65.01,Scots Bay,9.2,27.94,237
Sea Life,1,2021-09-22,Lady Melissa,43.17,-66.21,German Bank,10.4,27.94,182
Sea Life,1,2021-09-22,Lady Melissa,43.17,-66.21,German Bank,7.6,27.94,207
Sea Life,1,2021-09-22,Lady Melissa,43.17,-66.21,German Bank,12.2,30.48,177
Sea Life,1,2021-09-22,Lady Melissa,43.17,-66.21,German Bank,11.8,27.94,193
Sea Life,1,2021-09-22,Sealife II,45.15,-66.22,German Bank,14.8,30.48,246
Sea Life,1,2021-09-22,Sealife II,45.15,-66.22,German Bank,18.6,27.94,226
Sea Life,1,2021-09-22,Sealife II,45.15,-66.22,German Bank,14.6,27.94,206
Sea Life,1,2021-09-22,Sealife II,45.15,-66.22,German Bank,12.6,27.94,188
Sea Life,1,2021-09-22,Lady Melissa,43.17,-66.21,German Bank,5.8,22.86,116
Sea Life,1,2021-09-22,Lady Melissa,43.17,-66.21,German Bank,5.8,22.86,102
Sea Life,1,2021-09-22,Lady Melissa,43.17,-66.21,German Bank,7.2,25.4,115
Sea Life,1,2021-09-22,Lady Melissa,43.17,-66.21,German Bank,7.2,25.4,116
Sea Life,1,2021-09-22,Lady Melissa,43.17,-66.21,German Bank,10.8,25.4,125
Sea Life,1,2021-09-22,Lady Melissa,43.17,-66.21,German Bank,10.8,25.4,127
Sea Life,1,2021-09-22,Lady Melissa,43.17,-66.21,German Bank,9.6,25.4,141
Sea Life,1,2021-09-22,Lady Melissa,43.17,-66.21,German Bank,9.6,25.4,154
Sea Life,1,2021-09-22,Sealife II,45.15,-66.22,German Bank,6.4,25.4,156
Sea Life,1,2021-09-22,Sealife II,45.15,-66.22,German Bank,6.4,25.4,157
Sea Life,1,2021-09-22,Sealife II,45.15,-66.22,German Bank,4.8,25.4,131
Sea Life,1,2021-09-22,Sealife II,45.15,-66.22,German Bank,4.8,25.4,113
Sea Life,1,2021-09-22,Sealife II,45.15,-66.22,German Bank,8.8,22.86,114
Sea Life,1,2021-09-22,Sealife II,45.15,-66.22,German Bank,8.8,22.86,111
Sea Life,1,2021-09-22,Sealife II,45.15,-66.22,German Bank,5.6,22.86,110
Sea Life,1,2021-09-22,Sealife II,45.15,-66.22,German Bank,5.6,22.86,110
Sea Life,1,2021-09-23,Lady Janice,43.16,-66.23,German Bank,9,25.4,134
Sea Life,1,2021-09-23,Lady Janice,43.16,-66.23,German Bank,9,25.4,152
Sea Life,1,2021-09-23,Lady Janice,43.16,-66.23,German Bank,7.5,27.94,200
Sea Life,1,2021-09-23,Lady Janice,43.16,-66.23,German Bank,7,27.94,205
Sea Life,1,2021-09-23,Lady Janice,43.16,-66.23,German Bank,9,27.94,191
Sea Life,1,2021-09-24,Lady Melissa,43.19,-66.2,German Bank,12.4,27.94,229
Sea Life,1,2021-09-24,Lady Melissa,43.19,-66.2,German Bank,13.4,30.48,223
Sea Life,1,2021-09-24,Lady Melissa,43.19,-66.2,German Bank,10.8,27.94,248
Sea Life,1,2021-09-24,Lady Melissa,43.19,-66.2,German Bank,16.6,30.48,230
