Ground,Vessel,Type,Filets,Size,Average,Month,Day,Year,Time
Western Hole,Morning Star,Fillet,10:20,NA,5.5875,05,10,2017,13:28
Western Hole,Morning Star,Fillet,10:20,NA,3.7125,05,10,2017,13:30
Western Hole,Morning Star,Fillet,10:20,NA,3.9125,05,10,2017,13:30
Western Hole,Morning Star,Fillet,10:20,NA,5.3875,05,10,2017,13:33
Western Hole,Morning Star,Fillet,10:20,NA,4.8875,05,10,2017,13:34
Western Head,Morning Star,Fillet,10:20,NA,5.6125,05,11,2017,12:33
Western Head,Morning Star,Fillet,10:20,NA,4.1625,05,11,2017,12:34
Western Head,Morning Star,Fillet,10:20,NA,4.475,05,11,2017,12:35
Western Head,Morning Star,Fillet,10:20,NA,7.5375,05,11,2017,12:37
Western Head,Morning Star,Fillet,10:20,NA,6.8875,05,11,2017,12:38
The Patch,Morning Star,Fillet,10:16,NA,9.3375,05,30,2017,16:55
The Patch,Morning Star,Fillet,10:16,NA,8.8375,05,30,2017,16:57
The Patch,Morning Star,Fillet,10:16,NA,10.0625,05,30,2017,16:58
The Patch,Morning Star,Fillet,10:16,NA,9.375,05,30,2017,16:58
The Patch,Morning Star,Fillet,10:16,NA,9.8125,05,30,2017,16:59
The Patch,Morning Star,Fillet,8:12,NA,12.5375,05,30,2017,18:33
The Patch,Morning Star,Fillet,8:12,NA,11.0375,05,30,2017,18:34
The Patch,Morning Star,Fillet,8:12,NA,11.2125,05,30,2017,18:35
The Patch,Morning Star,Fillet,8:12,NA,9.1,05,30,2017,18:36
The Patch,Morning Star,Fillet,8:12,NA,6.25,05,30,2017,18:37
The Patch,Morning Star,Fillet,10:16,NA,7.85,05,31,2017,16:28
The Patch,Morning Star,Fillet,10:16,NA,11.55,05,31,2017,16:35
The Patch,Morning Star,Fillet,10:16,NA,10.325,05,31,2017,17:03
The Patch,Morning Star,Fillet,10:16,NA,10.7375,05,31,2017,17:04
The Patch,Morning Star,Fillet,10:16,NA,8.95,05,31,2017,17:04
The Patch,Morning Star,Fillet,8:12,NA,8.9875,05,31,2017,17:42
The Patch,Morning Star,Fillet,8:12,NA,12.425,05,31,2017,17:43
The Patch,Morning Star,Fillet,8:12,NA,12.1375,05,31,2017,17:44
The Patch,Morning Star,Fillet,8:12,NA,9.5,05,31,2017,17:45
The Patch,Morning Star,Fillet,8:12,NA,13.0625,05,31,2017,17:45
The Patch,Morning Star,Fillet,10:16,NA,10.4625,06,2,2017,14:16
The Patch,Morning Star,Fillet,10:16,NA,10.875,06,2,2017,14:17
The Patch,Morning Star,Fillet,10:16,NA,9.275,06,2,2017,14:18
The Patch,Morning Star,Fillet,10:16,NA,8.5875,06,2,2017,14:19
The Patch,Morning Star,Fillet,10:16,NA,10.7625,06,2,2017,14:20
The Patch,Morning Star,Fillet,8:12,NA,11.1625,06,2,2017,14:28
The Patch,Morning Star,Fillet,8:12,NA,9.275,06,2,2017,14:29
The Patch,Morning Star,Fillet,8:12,NA,9.6,06,2,2017,14:31
The Patch,Morning Star,Fillet,8:12,NA,10.075,06,2,2017,14:32
The Patch,Morning Star,Fillet,8:12,NA,15.0375,06,2,2017,14:33
NA,Morning Star,Fillet,10:16,NA,10.2625,06,3,2017,13:35
NA,Morning Star,Fillet,10:16,NA,10.9125,06,3,2017,13:36
NA,Morning Star,Fillet,10:16,NA,7.7375,06,3,2017,13:37
NA,Morning Star,Fillet,10:16,NA,9.575,06,3,2017,13:59
NA,Morning Star,Fillet,10:16,NA,10.45,06,3,2017,14:00
NA,Morning Star,Fillet,8:12,NA,12.25,06,3,2017,14:02
NA,Morning Star,Fillet,8:12,NA,12.5125,06,3,2017,14:04
NA,Morning Star,Fillet,8:12,NA,13.4625,06,3,2017,14:04
NA,Morning Star,Fillet,8:12,NA,9.8625,06,3,2017,14:05
NA,Morning Star,Fillet,8:12,NA,14.0375,06,3,2017,14:05
NW Shoal,Leroy and Barry,Fillet,10:20,NA,10.7625,06,8,2017,6:42
NW Shoal,Leroy and Barry,Fillet,10:20,NA,6.35,06,8,2017,6:54
NW Shoal,Leroy and Barry,Fillet,10:20,NA,11.5625,06,8,2017,6:55
NW Shoal,Leroy and Barry,Fillet,10:20,NA,15.0375,06,8,2017,6:56
NW Shoal,Leroy and Barry,Fillet,10:20,NA,11.7,06,8,2017,6:56
NW Shoal,Leroy and Barry,Fillet,10:20,NA,9.425,06,8,2017,6:57
NW Shoal,Leroy and Barry,Fillet,10:20,NA,11.85,06,8,2017,6:58
NW Shoal,Leroy and Barry,Fillet,10:20,NA,12.025,06,8,2017,6:59
NW Shoal,Leroy and Barry,Fillet,10:20,NA,9.2,06,8,2017,6:59
NW Shoal,Leroy and Barry,Fillet,10:20,NA,9.875,06,8,2017,7:00
NW Shoal,Leroy and Barry,Fillet,8:12,NA,13.9875,06,8,2017,11:19
NW Shoal,Leroy and Barry,Fillet,8:12,NA,11.1875,06,8,2017,11:20
NW Shoal,Leroy and Barry,Fillet,8:12,NA,13.0875,06,8,2017,11:22
NW Shoal,Leroy and Barry,Fillet,8:12,NA,14.9,06,8,2017,11:23
NW Shoal,Leroy and Barry,Fillet,8:12,NA,7.925,06,8,2017,11:24
NW Shoal,Leroy and Barry,Fillet,15:22,NA,12.0125,06,8,2017,11:39
NW Shoal,Leroy and Barry,Fillet,15:22,NA,6.8875,06,8,2017,11:40
NW Shoal,Leroy and Barry,Fillet,15:22,NA,10.65,06,8,2017,11:40
NW Shoal,Leroy and Barry,Fillet,15:22,NA,8.5,06,8,2017,11:41
NW Shoal,Leroy and Barry,Fillet,15:22,NA,10.3125,06,8,2017,11:42
NW Shoal,Leroy and Barry,Fillet,10:20,NA,10.725,06,9,2017,7:43
NW Shoal,Leroy and Barry,Fillet,10:20,NA,7.7125,06,9,2017,7:43
NW Shoal,Leroy and Barry,Fillet,10:20,NA,6.35,06,9,2017,7:44
NW Shoal,Leroy and Barry,Fillet,10:20,NA,7.525,06,9,2017,7:45
NW Shoal,Leroy and Barry,Fillet,10:20,NA,8.8875,06,9,2017,7:46
NW Shoal,Leroy and Barry,Fillet,15:22,NA,6.6125,06,9,2017,8:54
NW Shoal,Leroy and Barry,Fillet,15:22,NA,6.675,06,9,2017,8:55
NW Shoal,Leroy and Barry,Fillet,15:22,NA,9.0375,06,9,2017,8:56
NW Shoal,Leroy and Barry,Fillet,15:22,NA,6.3625,06,9,2017,8:56
NW Shoal,Leroy and Barry,Fillet,15:22,NA,8.5125,06,9,2017,8:57
NW Shoal,Leroy and Barry,Fillet,8:12,NA,13.6125,06,9,2017,9:01
NW Shoal,Leroy and Barry,Fillet,8:12,NA,12.25,06,9,2017,9:01
NW Shoal,Leroy and Barry,Fillet,8:12,NA,10.85,06,9,2017,9:02
NW Shoal,Leroy and Barry,Fillet,8:12,NA,11.1,06,9,2017,9:03
NW Shoal,Leroy and Barry,Fillet,8:12,NA,11.5625,06,9,2017,9:04
Teardrop,Leroy and Barry,Fillet,10:20,NA,9.1125,06,13,2017,6:19
Teardrop,Leroy and Barry,Fillet,10:20,NA,9.6,06,13,2017,6:20
Teardrop,Leroy and Barry,Fillet,10:20,NA,11.45,06,13,2017,6:21
Teardrop,Leroy and Barry,Fillet,10:20,NA,6.575,06,13,2017,6:21
Teardrop,Leroy and Barry,Fillet,10:20,NA,7.825,06,13,2017,6:22
Teardrop,Leroy and Barry,Fillet,10:20,NA,11.6875,06,13,2017,8:10
Teardrop,Leroy and Barry,Fillet,10:20,NA,11.025,06,13,2017,8:11
Teardrop,Leroy and Barry,Fillet,10:20,NA,12.775,06,13,2017,8:12
Teardrop,Leroy and Barry,Fillet,10:20,NA,11.3625,06,13,2017,8:13
Teardrop,Leroy and Barry,Fillet,10:20,NA,10.3875,06,13,2017,8:13
Teardrop,Leroy and Barry,Fillet,8:12,NA,5.0625,06,13,2017,8:17
Teardrop,Leroy and Barry,Fillet,8:12,NA,6.3625,06,13,2017,8:18
Teardrop,Leroy and Barry,Fillet,8:12,NA,5.6125,06,13,2017,8:19
Teardrop,Leroy and Barry,Fillet,8:12,NA,4.85,06,13,2017,8:20
Teardrop,Leroy and Barry,Fillet,8:12,NA,6.2125,06,13,2017,8:21
The Patch,Tasha Marie,Fillet,10:16,NA,13.275,06,13,2017,15:53
The Patch,Tasha Marie,Fillet,10:16,NA,17.025,06,13,2017,15:54
The Patch,Tasha Marie,Fillet,10:16,NA,15.3,06,13,2017,15:55
The Patch,Tasha Marie,Fillet,10:16,NA,14.8875,06,13,2017,15:56
The Patch,Tasha Marie,Fillet,10:16,NA,14.9375,06,13,2017,15:56
The Patch,Tasha Marie,Fillet,10:16,NA,14.6375,06,13,2017,15:57
NW Shoal,Leroy and Barry,Fillet,10:20,NA,4.15,06,14,2017,7:04
NW Shoal,Leroy and Barry,Fillet,10:20,NA,8.425,06,14,2017,7:05
NW Shoal,Leroy and Barry,Fillet,10:20,NA,8.5875,06,14,2017,7:06
NW Shoal,Leroy and Barry,Fillet,10:20,NA,9.1375,06,14,2017,7:07
NW Shoal,Leroy and Barry,Fillet,10:20,NA,11.25,06,14,2017,7:09
NW Shoal,Leroy and Barry,Fillet,8:12,NA,9.6125,06,14,2017,9:29
NW Shoal,Leroy and Barry,Fillet,8:12,NA,9.8125,06,14,2017,9:31
NW Shoal,Leroy and Barry,Fillet,8:12,NA,9.6375,06,14,2017,9:32
NW Shoal,Leroy and Barry,Fillet,8:12,NA,10.55,06,14,2017,9:33
NW Shoal,Morning Star,Fillet,8:12,NA,9.15,06,14,2017,9:34
NW Shoal,Morning Star,Fillet,10:16,NA,11.8125,06,14,2017,13:12
NW Shoal,Morning Star,Fillet,10:16,NA,11.6,06,14,2017,13:13
NW Shoal,Morning Star,Fillet,10:16,NA,9.2875,06,14,2017,13:14
NW Shoal,Morning Star,Fillet,10:16,NA,12.425,06,14,2017,13:15
NW Shoal,Morning Star,Fillet,10:16,NA,11.725,06,14,2017,13:17
NW Shoal,Morning Star,Fillet,10:16,NA,11.8,06,14,2017,14:55
NW Shoal,Morning Star,Fillet,7:11,NA,13.325,06,14,2017,14:56
NW Shoal,Morning Star,Fillet,7:11,NA,11.55,06,14,2017,14:56
NW Shoal,Morning Star,Fillet,7:11,NA,11.1125,06,14,2017,14:57
NW Shoal,Morning Star,Fillet,7:11,NA,11.4125,06,14,2017,14:58
The Patch,Morning Star,Fillet,10:14,NA,8.2,06,15,2017,8:28
The Patch,Morning Star,Fillet,10:14,NA,9.2375,06,15,2017,8:30
The Patch,Morning Star,Fillet,10:14,NA,8.0125,06,15,2017,8:31
The Patch,Morning Star,Fillet,10:14,NA,11.9625,06,15,2017,8:32
The Patch,Morning Star,Fillet,10:14,NA,9.175,06,15,2017,8:33
The Patch,Morning Star,Fillet,7:11,NA,12.4375,06,15,2017,12:46
The Patch,Morning Star,Fillet,7:11,NA,10.2,06,15,2017,12:47
The Patch,Morning Star,Fillet,7:11,NA,12.45,06,15,2017,12:48
The Patch,Morning Star,Fillet,7:11,NA,8.675,06,15,2017,12:49
The Patch,Morning Star,Fillet,7:11,NA,15.7125,06,15,2017,12:50
Scots Bay,Leroy,Fillet,10:20,NA,3.0375,06,22,2017,19:25
Scots Bay,Leroy,Fillet,10:20,NA,5.9375,06,22,2017,19:26
Scots Bay,Leroy,Fillet,10:20,NA,2.1375,06,22,2017,19:27
Scots Bay,Leroy,Fillet,10:20,NA,4.875,06,22,2017,19:29
Scots Bay,Leroy,Fillet,10:20,NA,3.6125,06,22,2017,19:30
Scots Bay,Leroy,Fillet,8:10,NA,5.9,06,22,2017,21:53
Scots Bay,Leroy,Fillet,8:10,NA,8.675,06,22,2017,21:54
Scots Bay,Leroy,Fillet,8:10,NA,7.1,06,22,2017,21:54
Scots Bay,Leroy,Fillet,8:10,NA,6.6625,06,22,2017,21:55
Scots Bay,Leroy,Fillet,8:10,NA,8.35,06,22,2017,21:56
Patch,Morning Star,Fillet,10:16,NA,8.7625,06,23,2017,15:52
Patch,Morning Star,Fillet,10:16,NA,11.625,06,23,2017,15:54
Patch,Morning Star,Fillet,10:16,NA,13.0875,06,23,2017,15:54
Patch,Morning Star,Fillet,10:16,NA,11.9375,06,23,2017,15:55
Patch,Morning Star,Fillet,10:16,NA,13.7125,06,23,2017,15:56
Patch,Morning Star,Fillet,8:12,NA,13.9375,06,23,2017,16:04
Patch,Morning Star,Fillet,8:12,NA,13.2375,06,23,2017,16:05
Patch,Morning Star,Fillet,8:12,NA,12.85,06,23,2017,16:06
Patch,Morning Star,Fillet,8:12,NA,12.0875,06,23,2017,16:06
Patch,Morning Star,Fillet,8:12,NA,13.3125,06,23,2017,16:07
Patch,Tasha Marie,Fillet,10:16,NA,10.5375,06,23,2017,12:19
Patch,Tasha Marie,Fillet,10:16,NA,12.9375,06,23,2017,12:19
Patch,Tasha Marie,Fillet,10:16,NA,9.7375,06,23,2017,12:20
Patch,Tasha Marie,Fillet,10:16,NA,11.575,06,23,2017,12:21
Patch,Tasha Marie,Fillet,10:16,NA,12.525,06,23,2017,12:22
Scots Bay,Leroy,Fillet,10:20,NA,4.925,06,24,2017,8:19
Scots Bay,Leroy,Fillet,10:20,NA,4.7,06,24,2017,8:21
Scots Bay,Leroy,Fillet,10:20,NA,2.35,06,24,2017,8:22
Scots Bay,Leroy,Fillet,10:20,NA,3.175,06,24,2017,8:24
Scots Bay,Leroy,Fillet,10:20,NA,4,06,24,2017,8:25
Patch,Tasha Marie,Fillet,10:16,NA,17.4,06,26,2017,17:35
Patch,Tasha Marie,Fillet,10:16,NA,18.825,06,26,2017,17:36
Patch,Tasha Marie,Fillet,10:16,NA,19.375,06,26,2017,17:37
Patch,Tasha Marie,Fillet,10:16,NA,16.325,06,26,2017,17:38
Patch,Tasha Marie,Fillet,10:16,NA,19.4875,06,26,2017,17:39
Patch,Tasha Marie,Fillet,8:12,NA,22.15,06,26,2017,18:31
Patch,Tasha Marie,Fillet,8:12,NA,21.1,06,26,2017,18:32
Patch,Tasha Marie,Fillet,8:12,NA,21.5625,06,26,2017,18:33
Patch,Tasha Marie,Fillet,8:12,NA,21.0375,06,26,2017,18:33
Patch,Tasha Marie,Fillet,8:12,NA,21.825,06,26,2017,18:34
Patch,Morning Star,Fillet,10:16,NA,11.625,06,26,2017,19:01
Patch,Morning Star,Fillet,10:16,NA,11.5,06,26,2017,19:02
Patch,Morning Star,Fillet,10:16,NA,9.625,06,26,2017,19:03
Patch,Morning Star,Fillet,10:16,NA,14.5,06,26,2017,19:05
Patch,Morning Star,Fillet,10:16,NA,12.1625,06,26,2017,19:05
Patch,Morning Star,Fillet,8:12,NA,20.25,06,26,2017,19:22
Patch,Morning Star,Fillet,8:12,NA,20.9125,06,26,2017,19:23
Patch,Morning Star,Fillet,8:12,NA,20.8625,06,26,2017,19:24
Patch,Morning Star,Fillet,8:12,NA,20.5,06,26,2017,19:24
Patch,Morning Star,Fillet,8:12,NA,20.5125,06,26,2017,19:25
Patch,Tasha Marie,Fillet,10:16,NA,16.4,06,27,2017,15:13
Patch,Tasha Marie,Fillet,10:16,NA,20.0125,06,27,2017,15:14
Patch,Tasha Marie,Fillet,10:16,NA,19.6125,06,27,2017,15:14
Patch,Tasha Marie,Fillet,10:16,NA,19.0375,06,27,2017,15:16
Patch,Tasha Marie,Fillet,10:16,NA,18.65,06,27,2017,15:17
Patch,Tasha Marie,Fillet,8:12,NA,22.1125,06,27,2017,18:00
Patch,Tasha Marie,Fillet,8:12,NA,21.3,06,27,2017,18:00
Patch,Tasha Marie,Fillet,8:12,NA,19.6,06,27,2017,18:01
Patch,Tasha Marie,Fillet,8:12,NA,20.325,06,27,2017,18:01
Patch,Tasha Marie,Fillet,8:12,NA,21.1,06,27,2017,18:02
Patch,Morning Star,Fillet,10:20,NA,20.6,06,27,2017,20:18
Patch,Morning Star,Fillet,10:20,NA,19.65,06,27,2017,20:18
Patch,Morning Star,Fillet,10:20,NA,17.7875,06,27,2017,20:19
Patch,Morning Star,Fillet,10:20,NA,20.7125,06,27,2017,20:19
Patch,Morning Star,Fillet,10:20,NA,20.8375,06,27,2017,20:20
Patch,Morning Star,Fillet,8:12,NA,21.25,06,27,2017,20:21
Patch,Morning Star,Fillet,8:12,NA,20.175,06,27,2017,20:21
Patch,Morning Star,Fillet,8:12,NA,18.95,06,27,2017,20:22
Patch,Morning Star,Fillet,8:12,NA,19.8375,06,27,2017,20:23
Patch,Morning Star,Fillet,8:12,NA,21.275,06,27,2017,20:23
Patch,Tasha Marie,Fillet,8:10,NA,20.35,06,28,2017,14:44
Patch,Tasha Marie,Fillet,8:10,NA,17.9125,06,28,2017,14:45
Patch,Tasha Marie,Fillet,8:10,NA,17.125,06,28,2017,14:46
Patch,Tasha Marie,Fillet,8:10,NA,19.1375,06,28,2017,14:46
Patch,Tasha Marie,Fillet,8:10,NA,17.65,06,28,2017,14:47
Patch,Tasha Marie,Fillet,8:10,NA,23.8375,06,28,2017,15:35
Patch,Tasha Marie,Fillet,8:10,NA,17.5375,06,28,2017,15:36
Patch,Tasha Marie,Fillet,8:10,NA,16.2875,06,28,2017,15:38
Patch,Tasha Marie,Fillet,8:10,NA,20.3125,06,28,2017,15:39
Patch,Tasha Marie,Fillet,8:10,NA,19.7375,06,28,2017,15:40
Patch,Morning Star,Fillet,10:16,NA,19.45,06,28,2017,18:01
Patch,Morning Star,Fillet,10:16,NA,18.8375,06,28,2017,18:02
Patch,Morning Star,Fillet,10:16,NA,19.2375,06,28,2017,18:02
Patch,Morning Star,Fillet,10:16,NA,19.9875,06,28,2017,18:03
Patch,Morning Star,Fillet,10:16,NA,19.8125,06,28,2017,18:04
Patch,Morning Star,Fillet,10:16,NA,21.8,06,28,2017,18:19
Patch,Morning Star,Fillet,10:16,NA,19.6125,06,28,2017,18:20
Patch,Morning Star,Fillet,10:16,NA,21.8625,06,28,2017,18:21
Patch,Morning Star,Fillet,10:16,NA,20,06,28,2017,18:22
Patch,Morning Star,Fillet,10:16,NA,20.3375,06,28,2017,18:22
Scots Bay,Leroy and Barry,Fillet,Unknown,NA,3.925,07,3,2017,9:03
Scots Bay,Leroy and Barry,Fillet,Unknown,NA,6.875,07,3,2017,9:04
Scots Bay,Leroy and Barry,Fillet,Unknown,NA,4.1625,07,3,2017,9:05
Scots Bay,Leroy and Barry,Fillet,Unknown,NA,4.4125,07,3,2017,9:06
Scots Bay,Leroy and Barry,Fillet,Unknown,NA,4.4125,07,3,2017,9:07
Patch,Tasha Marie,Fillet,10:16,NA,11.2375,07,5,2017,13:33
Patch,Tasha Marie,Fillet,10:16,NA,10.35,07,5,2017,13:34
Patch,Tasha Marie,Fillet,10:16,NA,14.4375,07,5,2017,13:35
Patch,Tasha Marie,Fillet,10:16,NA,17.525,07,5,2017,13:36
Patch,Tasha Marie,Fillet,10:16,NA,12.7125,07,5,2017,13:37
Patch,Tasha Marie,Fillet,8:12,NA,18.025,07,5,2017,14:09
Patch,Tasha Marie,Fillet,8:12,NA,16.9,07,5,2017,14:10
Patch,Tasha Marie,Fillet,8:12,NA,18.625,07,5,2017,14:11
Patch,Tasha Marie,Fillet,8:12,NA,14.6625,07,5,2017,14:12
Patch,Tasha Marie,Fillet,8:12,NA,15.75,07,5,2017,14:13
Patch,Morning Star,Fillet,10:16,NA,9.8625,07,5,2017,17:36
Patch,Morning Star,Fillet,10:16,NA,17.825,07,5,2017,17:38
Patch,Morning Star,Fillet,10:16,NA,12,07,5,2017,17:38
Patch,Morning Star,Fillet,10:16,NA,12.5,07,5,2017,17:40
Patch,Morning Star,Fillet,10:16,NA,15.3875,07,5,2017,17:41
Patch,Morning Star,Fillet,8:12,NA,17.85,07,5,2017,17:44
Patch,Morning Star,Fillet,8:12,NA,13.675,07,5,2017,17:45
Patch,Morning Star,Fillet,8:12,NA,12.6375,07,5,2017,17:46
Patch,Morning Star,Fillet,8:12,NA,14.2625,07,5,2017,17:47
Patch,Morning Star,Fillet,8:12,NA,18.35,07,5,2017,17:47
Patch,Tasha Marie,Fillet,8:12,NA,17.7375,07,6,2017,18:27
Patch,Tasha Marie,Fillet,8:12,NA,18.2125,07,6,2017,18:27
Patch,Tasha Marie,Fillet,8:12,NA,17.8,07,6,2017,18:28
Patch,Tasha Marie,Fillet,8:12,NA,18.45,07,6,2017,18:29
Patch,Tasha Marie,Fillet,10:16,NA,8.3625,07,6,2017,18:30
Patch,Tasha Marie,Fillet,10:16,NA,15.3125,07,6,2017,18:30
Patch,Tasha Marie,Fillet,10:16,NA,15.2625,07,6,2017,18:31
Patch,Tasha Marie,Fillet,10:16,NA,10.9625,07,6,2017,18:32
Patch,Tasha Marie,Fillet,10:16,NA,12.4375,07,6,2017,18:33
Patch,Tasha Marie,Fillet,10:16,NA,11.2875,07,6,2017,18:34
Patch,Morning Star,Fillet,Unknown,NA,14.6875,07,6,2017,18:35
Patch,Morning Star,Fillet,Unknown,NA,15.8125,07,6,2017,18:36
Patch,Morning Star,Fillet,Unknown,NA,15.9375,07,6,2017,18:37
Patch,Morning Star,Fillet,Unknown,NA,18.6625,07,6,2017,18:37
Patch,Morning Star,Fillet,Unknown,NA,13.5,07,6,2017,18:38
Patch,Morning Star,Fillet,Unknown,NA,12.6625,07,6,2017,18:39
Patch,Tasha Marie,Fillet,10:16,NA,11.075,07,7,2017,12:33
Patch,Tasha Marie,Fillet,10:16,NA,8.8375,07,7,2017,12:34
Patch,Tasha Marie,Fillet,10:16,NA,11.125,07,7,2017,12:35
Patch,Tasha Marie,Fillet,10:16,NA,11.75,07,7,2017,12:35
Patch,Tasha Marie,Fillet,10:16,NA,10.1125,07,7,2017,12:37
Patch,Tasha Marie,Fillet,8:12,NA,14.4375,07,7,2017,13:53
Patch,Tasha Marie,Fillet,8:12,NA,15.2625,07,7,2017,13:54
Patch,Tasha Marie,Fillet,8:12,NA,14.075,07,7,2017,13:55
Patch,Tasha Marie,Fillet,8:12,NA,14.1375,07,7,2017,13:55
Patch,Tasha Marie,Fillet,8:12,NA,14.9125,07,7,2017,13:57
Grand Manan,Leroy and Barry,Bait,NA,21-23,3.8625,07,17,2017,10:17
Grand Manan,Leroy and Barry,Bait,NA,21-23,4.3,07,17,2017,10:17
Grand Manan,Leroy and Barry,Bait,NA,21-23,4.7625,07,17,2017,10:18
Grand Manan,Leroy and Barry,Bait,NA,21-23,5.1875,07,17,2017,10:19
Grand Manan,Leroy and Barry,Bait,NA,21-23,5.7125,07,17,2017,10:19
Lurcher,Leroy and Barry,Bait,NA,21-23,7.8625,07,14,2017,7:35
Lurcher,Leroy and Barry,Bait,NA,21-23,6.3,07,14,2017,7:37
Lurcher,Leroy and Barry,Bait,NA,21-23,11.4,07,14,2017,7:38
Lurcher,Leroy and Barry,Bait,NA,21-23,9.2875,07,14,2017,7:39
Lurcher,Leroy and Barry,Bait,NA,21-23,8.0125,07,14,2017,7:40
Unknown,Comeau,Fillet,Unknown,NA,12.575,07,14,2017,10:42
Unknown,Comeau,Fillet,Unknown,NA,14.8,07,14,2017,10:42
Unknown,Comeau,Fillet,Unknown,NA,9.1125,07,14,2017,10:43
Unknown,Comeau,Fillet,Unknown,NA,12.275,07,14,2017,10:44
Unknown,Comeau,Fillet,Unknown,NA,12.45,07,14,2017,10:45
Lurcher,Leroy and Barry,Bait,NA,21-23,7.5875,07,13,2017,7:28
Lurcher,Leroy and Barry,Bait,NA,21-23,9.6125,07,13,2017,7:29
Lurcher,Leroy and Barry,Bait,NA,21-23,5.125,07,13,2017,7:30
Lurcher,Leroy and Barry,Bait,NA,21-23,7.325,07,13,2017,7:31
Lurcher,Leroy and Barry,Bait,NA,21-23,6.1125,07,13,2017,7:32
Patch,Morning Star,Fillet,10:20,NA,13.65,07,13,2017,13:10
Patch,Morning Star,Fillet,10:20,NA,13.5,07,13,2017,13:11
Patch,Morning Star,Fillet,10:20,NA,13.725,07,13,2017,13:12
Patch,Morning Star,Fillet,10:20,NA,12.875,07,13,2017,13:13
Patch,Morning Star,Fillet,10:20,NA,13.6,07,13,2017,13:14
Patch,Morning Star,Bait,NA,21-23,13.9625,07,13,2017,13:32
Patch,Morning Star,Bait,NA,21-23,14.7,07,13,2017,13:42
Patch,Morning Star,Bait,NA,21-23,13.9375,07,13,2017,13:42
Patch,Morning Star,Bait,NA,21-23,12.85,07,13,2017,13:43
Patch,Morning Star,Bait,NA,21-23,12.3125,07,13,2017,13:44
SW German Bank,Leroy and Barry,Fillet,10:22,NA,10.1625,07,18,2017,11:14
SW German Bank,Leroy and Barry,Fillet,10:22,NA,7.35,07,18,2017,11:15
SW German Bank,Leroy and Barry,Fillet,10:22,NA,7.5625,07,18,2017,11:16
SW German Bank,Leroy and Barry,Fillet,10:22,NA,7.175,07,18,2017,11:17
SW German Bank,Leroy and Barry,Fillet,10:22,NA,6.675,07,18,2017,11:18
SW German Bank,Leroy and Barry,Bait,NA,21-23,6.325,07,18,2017,14:46
SW German Bank,Leroy and Barry,Bait,NA,21-23,5.9,07,18,2017,14:47
SW German Bank,Leroy and Barry,Bait,NA,21-23,6.575,07,18,2017,14:48
SW German Bank,Leroy and Barry,Bait,NA,21-23,5.3375,07,18,2017,14:48
SW German Bank,Leroy and Barry,Bait,NA,21-23,6.075,07,18,2017,14:49
SW German Bank,Leroy and Barry,Fillet,15:22,NA,9.625,07,19,2017,8:00
SW German Bank,Leroy and Barry,Fillet,15:22,NA,8.475,07,19,2017,8:01
SW German Bank,Leroy and Barry,Fillet,15:22,NA,9.7125,07,19,2017,8:03
SW German Bank,Leroy and Barry,Fillet,15:22,NA,6.2625,07,19,2017,8:04
SW German Bank,Leroy and Barry,Fillet,15:22,NA,7.3125,07,19,2017,8:06
Patch,Morning Star,Fillet,10:16,NA,12.4125,07,19,2017,17:04
Patch,Morning Star,Fillet,10:16,NA,9.1625,07,19,2017,17:05
Patch,Morning Star,Fillet,10:16,NA,11.9,07,19,2017,17:05
Patch,Morning Star,Fillet,10:16,NA,11.6375,07,19,2017,17:06
Patch,Morning Star,Fillet,10:16,NA,8.7125,07,19,2017,17:07
Patch,Morning Star,Fillet,8:12,NA,12.3,07,19,2017,18:51
Patch,Morning Star,Fillet,8:12,NA,12.7375,07,19,2017,18:52
Patch,Morning Star,Fillet,8:12,NA,12.55,07,19,2017,18:53
Patch,Morning Star,Fillet,8:12,NA,13.1875,07,19,2017,18:54
Patch,Morning Star,Fillet,8:12,NA,13.5125,07,19,2017,18:55
SW German Bank,Leroy and Barry,Fillet,15:22,NA,15.4625,07,19,2017,8:01
SW German Bank,Leroy and Barry,Fillet,15:22,NA,11.55,07,19,2017,8:02
SW German Bank,Leroy and Barry,Fillet,15:22,NA,12.9,07,19,2017,8:04
SW German Bank,Leroy and Barry,Fillet,15:22,NA,6.6125,07,19,2017,8:05
SW German Bank,Leroy and Barry,Fillet,15:22,NA,10.1375,07,19,2017,8:06
SW German Bank,Leroy and Barry,Bait,NA,21-23,8.6875,07,19,2017,13:55
SW German Bank,Leroy and Barry,Bait,NA,21-23,8.3375,07,19,2017,13:56
SW German Bank,Leroy and Barry,Bait,NA,21-23,6.7625,07,19,2017,13:56
SW German Bank,Leroy and Barry,Bait,NA,21-23,6.125,07,19,2017,14:22
SW German Bank,Leroy and Barry,Bait,NA,21-23,6.875,07,19,2017,14:22
SW German Bank,Leroy and Barry,Fillet,8:12,NA,14.9125,07,19,2017,14:24
SW German Bank,Leroy and Barry,Fillet,8:12,NA,15.6125,07,19,2017,14:25
SW German Bank,Leroy and Barry,Fillet,8:12,NA,16.4375,07,19,2017,14:26
SW German Bank,Leroy and Barry,Fillet,8:12,NA,13.55,07,19,2017,14:27
SW German Bank,Leroy and Barry,Fillet,8:12,NA,14.3125,07,19,2017,14:28
Patch,Morning Star,Fillet,10:16,NA,11.175,07,19,2017,16:59
Patch,Morning Star,Fillet,10:16,NA,12.5625,07,19,2017,17:00
Patch,Morning Star,Fillet,10:16,NA,12.275,07,19,2017,17:02
Patch,Morning Star,Fillet,10:16,NA,10.7375,07,19,2017,17:02
Patch,Morning Star,Fillet,10:16,NA,11.2125,07,19,2017,17:03
Patch,Morning Star,Fillet,8:12,NA,15.7875,07,19,2017,18:46
Patch,Morning Star,Fillet,8:12,NA,14.7875,07,19,2017,18:47
Patch,Morning Star,Fillet,8:12,NA,15.175,07,19,2017,18:48
Patch,Morning Star,Fillet,8:12,NA,12.7875,07,19,2017,18:49
Patch,Morning Star,Fillet,8:12,NA,9.7,07,19,2017,18:50
Patch,Tasha Marie,Fillet,10:16,NA,10.625,07,20,2017,14:56
Patch,Tasha Marie,Fillet,10:16,NA,11.0125,07,20,2017,14:56
Patch,Tasha Marie,Fillet,10:16,NA,11.6625,07,20,2017,14:57
Patch,Tasha Marie,Fillet,10:16,NA,12.2625,07,20,2017,14:58
Patch,Tasha Marie,Fillet,10:16,NA,9.675,07,20,2017,14:58
Patch,Tasha Marie,Fillet,8:12,NA,14.325,07,20,2017,15:05
Patch,Tasha Marie,Fillet,8:12,NA,14.625,07,20,2017,15:05
Patch,Tasha Marie,Fillet,8:12,NA,11.675,07,20,2017,15:06
Patch,Tasha Marie,Fillet,8:12,NA,14.3125,07,20,2017,15:07
Patch,Tasha Marie,Fillet,8:12,NA,14.95,07,20,2017,15:08
Patch,Tasha Marie,Fillet,10:16,NA,12.1375,07,21,2017,15:37
Patch,Tasha Marie,Fillet,10:16,NA,9.65,07,21,2017,15:38
Patch,Tasha Marie,Fillet,10:16,NA,13.1,07,21,2017,15:39
Patch,Tasha Marie,Fillet,10:16,NA,11.2375,07,21,2017,15:40
Patch,Tasha Marie,Fillet,10:16,NA,10.35,07,21,2017,15:40
Patch,Tasha Marie,Fillet,8:12,NA,13.55,07,21,2017,16:32
Patch,Tasha Marie,Fillet,8:12,NA,11.8125,07,21,2017,16:32
Patch,Tasha Marie,Fillet,8:12,NA,12.125,07,21,2017,16:33
Patch,Tasha Marie,Fillet,8:12,NA,13.5375,07,21,2017,16:34
Patch,Tasha Marie,Fillet,8:12,NA,11.75,07,21,2017,16:36
Patch,Morning Star,Fillet,10:16,NA,9.5125,07,21,2017,16:47
Patch,Morning Star,Fillet,10:16,NA,12.225,07,21,2017,16:48
Patch,Morning Star,Fillet,10:16,NA,9.55,07,21,2017,16:48
Patch,Morning Star,Fillet,10:16,NA,11.975,07,21,2017,16:49
Patch,Morning Star,Fillet,10:16,NA,10.0625,07,21,2017,16:50
Patch,Morning Star,Fillet,10:16,NA,10.6875,07,24,2017,15:06
Patch,Morning Star,Fillet,10:16,NA,12.9375,07,24,2017,15:07
Patch,Morning Star,Fillet,10:16,NA,13.0375,07,24,2017,15:07
Patch,Morning Star,Fillet,10:16,NA,10.35,07,24,2017,15:08
Patch,Morning Star,Fillet,10:16,NA,11.275,07,24,2017,15:08
Patch,Morning Star,Fillet,8:12,NA,14.375,07,24,2017,15:10
Patch,Morning Star,Fillet,8:12,NA,13.9375,07,24,2017,15:10
Patch,Morning Star,Fillet,8:12,NA,14.3875,07,24,2017,15:11
Patch,Morning Star,Fillet,8:12,NA,15.05,07,24,2017,15:12
Patch,Morning Star,Fillet,8:12,NA,15.45,07,24,2017,15:13
German Bank,Leroy and Barry,Fillet,15:22,NA,11.9125,07,26,2017,6:57
German Bank,Leroy and Barry,Fillet,15:22,NA,12.4,07,26,2017,6:59
German Bank,Leroy and Barry,Fillet,15:22,NA,8.375,07,26,2017,7:00
German Bank,Leroy and Barry,Fillet,15:22,NA,11.15,07,26,2017,7:00
German Bank,Leroy and Barry,Fillet,15:22,NA,9.2,07,26,2017,7:02
German Bank,Leroy and Barry,Bait,NA,21-23,5.4375,07,26,2017,8:16
German Bank,Leroy and Barry,Bait,NA,21-23,8.2375,07,26,2017,8:17
German Bank,Leroy and Barry,Bait,NA,21-23,7.2375,07,26,2017,8:17
German Bank,Leroy and Barry,Bait,NA,21-23,7.4125,07,26,2017,8:28
German Bank,Leroy and Barry,Bait,NA,21-23,5.35,07,26,2017,8:28
German Bank,Leroy and Barry,Fillet,10:16,NA,15.2875,07,26,2017,9:49
German Bank,Leroy and Barry,Fillet,10:16,NA,12.5375,07,26,2017,9:50
German Bank,Leroy and Barry,Fillet,10:16,NA,11.125,07,26,2017,9:50
German Bank,Leroy and Barry,Fillet,10:16,NA,13.15,07,26,2017,9:51
German Bank,Leroy and Barry,Fillet,10:16,NA,13.2375,07,26,2017,9:52
Patch,Morning Star,Fillet,10:16,NA,10.725,07,27,2017,18:47
Patch,Morning Star,Fillet,10:16,NA,10.4625,07,27,2017,18:48
Patch,Morning Star,Fillet,10:16,NA,10.8375,07,27,2017,18:49
Patch,Morning Star,Fillet,10:16,NA,11.325,07,27,2017,18:50
Patch,Morning Star,Fillet,10:16,NA,11.075,07,27,2017,18:52
German Bank,Leroy and Barry,Fillet,15:22,NA,7.5,07,27,2017,7:50
German Bank,Leroy and Barry,Fillet,15:22,NA,4.85,07,27,2017,7:52
German Bank,Leroy and Barry,Fillet,15:22,NA,9.0875,07,27,2017,7:52
German Bank,Leroy and Barry,Fillet,15:22,NA,8.8625,07,27,2017,7:53
German Bank,Leroy and Barry,Fillet,15:22,NA,6.775,07,27,2017,7:54
German Bank,Leroy and Barry,Bait,NA,21-23,4.5625,07,27,2017,8:30
German Bank,Leroy and Barry,Bait,NA,21-23,5.3375,07,27,2017,8:31
German Bank,Leroy and Barry,Bait,NA,21-23,6.5875,07,27,2017,8:32
German Bank,Leroy and Barry,Bait,NA,21-23,3.05,07,27,2017,8:33
German Bank,Leroy and Barry,Bait,NA,21-23,3.9,07,27,2017,8:34
Patch,Morning Star,Fillet,8:12,NA,14.15,07,27,2017,15:49
Patch,Morning Star,Fillet,8:12,NA,17.5,07,27,2017,15:50
Patch,Morning Star,Fillet,8:12,NA,16.225,07,27,2017,15:50
Patch,Morning Star,Fillet,8:12,NA,13.425,07,27,2017,15:51
Patch,Morning Star,Fillet,8:12,NA,10.6125,07,27,2017,15:52
Patch,Tasha Marie,Fillet,10:16,NA,10.7,07,28,2017,13:38
Patch,Tasha Marie,Fillet,10:16,NA,10.15,07,28,2017,13:39
Patch,Tasha Marie,Fillet,10:16,NA,9.6375,07,28,2017,13:40
Patch,Tasha Marie,Fillet,10:16,NA,11.8,07,28,2017,13:41
Patch,Tasha Marie,Fillet,10:16,NA,12.0125,07,28,2017,13:42
Patch,Tasha Marie,Fillet,8:12,NA,14.2125,07,28,2017,13:43
Patch,Tasha Marie,Fillet,8:12,NA,13.9375,07,28,2017,13:44
Patch,Tasha Marie,Fillet,8:12,NA,12.6125,07,28,2017,13:44
Patch,Tasha Marie,Fillet,8:12,NA,13.1375,07,28,2017,13:45
Patch,Tasha Marie,Fillet,8:12,NA,11.85,07,28,2017,13:46
Patch,Morning Star,Fillet,10:16,NA,11.825,07,28,2017,14:23
Patch,Morning Star,Fillet,10:16,NA,11.1375,07,28,2017,14:24
Patch,Morning Star,Fillet,10:16,NA,9.3125,07,28,2017,14:24
Patch,Morning Star,Fillet,10:16,NA,12.2125,07,28,2017,14:25
Patch,Morning Star,Fillet,10:16,NA,10.5625,07,28,2017,14:26
Patch,Morning Star,Fillet,8:12,NA,13.0625,07,28,2017,14:28
Patch,Morning Star,Fillet,8:12,NA,13.075,07,28,2017,14:29
Patch,Morning Star,Fillet,8:12,NA,12.15,07,28,2017,14:30
Patch,Morning Star,Fillet,8:12,NA,13.7875,07,28,2017,14:30
Patch,Morning Star,Fillet,8:12,NA,13.5125,07,28,2017,14:31
Patch,Morning Star,Fillet,8:12,NA,10.7,07,29,2017,14:31
Patch,Morning Star,Fillet,8:12,NA,12.5875,07,29,2017,14:32
Patch,Morning Star,Fillet,8:12,NA,13.4125,07,29,2017,14:33
Patch,Morning Star,Fillet,8:12,NA,12.05,07,29,2017,14:34
Patch,Morning Star,Fillet,8:12,NA,14.425,07,29,2017,14:35
Patch,Morning Star,Fillet,10:16,NA,11.8375,07,29,2017,14:36
Patch,Morning Star,Fillet,10:16,NA,12.3875,07,29,2017,14:36
Patch,Morning Star,Fillet,10:16,NA,14.5,07,29,2017,14:37
Patch,Morning Star,Fillet,10:16,NA,11.4875,07,29,2017,14:38
Patch,Morning Star,Fillet,10:16,NA,10.5625,07,29,2017,14:38
Patch,Tasha Marie,Fillet,10:16,NA,12.8125,07,29,2017,15:21
Patch,Tasha Marie,Fillet,10:16,NA,10.7375,07,29,2017,15:21
Patch,Tasha Marie,Fillet,10:16,NA,9.4125,07,29,2017,15:22
Patch,Tasha Marie,Fillet,10:16,NA,10.8125,07,29,2017,15:23
Patch,Tasha Marie,Fillet,10:16,NA,14.425,07,29,2017,15:24
Patch,Tasha Marie,Fillet,8:12,NA,11.8375,07,29,2017,15:26
Patch,Tasha Marie,Fillet,8:12,NA,12.525,07,29,2017,15:27
Patch,Tasha Marie,Fillet,8:12,NA,13.775,07,29,2017,15:28
Patch,Tasha Marie,Fillet,8:12,NA,12.4,07,29,2017,15:28
Patch,Tasha Marie,Fillet,8:12,NA,13.225,07,29,2017,15:29
Scotts Bay,Leroy and Barry,Fillet,10:20,NA,6.05,07,30,2017,16:17
Scotts Bay,Leroy and Barry,Fillet,10:20,NA,5.4,07,30,2017,16:42
Scotts Bay,Leroy and Barry,Fillet,10:20,NA,5.6375,07,30,2017,16:43
Scotts Bay,Leroy and Barry,Fillet,10:20,NA,5.9,07,30,2017,16:43
Scotts Bay,Leroy and Barry,Fillet,10:20,NA,5.8125,07,30,2017,16:44
Scotts Bay,Leroy and Barry,Fillet,8:12,NA,7.9,07,30,2017,16:51
Scotts Bay,Leroy and Barry,Fillet,8:12,NA,6.9875,07,30,2017,16:51
Scotts Bay,Leroy and Barry,Fillet,8:12,NA,7.7,07,30,2017,16:52
Scotts Bay,Leroy and Barry,Fillet,8:12,NA,8.4125,07,30,2017,16:53
Scotts Bay,Leroy and Barry,Fillet,8:12,NA,8.425,07,30,2017,16:54
Scotts Bay,Leroy and Barry,Fillet,10:22,NA,6.375,07,31,2017,8:48
Scotts Bay,Leroy and Barry,Fillet,10:22,NA,7.25,07,31,2017,8:49
Scotts Bay,Leroy and Barry,Fillet,10:22,NA,7.7125,07,31,2017,8:49
Scotts Bay,Leroy and Barry,Fillet,10:22,NA,5.6625,07,31,2017,8:50
Scotts Bay,Leroy and Barry,Fillet,10:22,NA,9.7125,07,31,2017,8:51
Scotts Bay,Leroy and Barry,Fillet,8:12,NA,7.2125,07,31,2017,8:54
Scotts Bay,Leroy and Barry,Fillet,8:12,NA,7.275,07,31,2017,8:56
Scotts Bay,Leroy and Barry,Fillet,8:12,NA,7.0375,07,31,2017,8:57
Scotts Bay,Leroy and Barry,Fillet,8:12,NA,8.15,07,31,2017,8:58
Scotts Bay,Leroy and Barry,Fillet,8:12,NA,7.725,07,31,2017,8:58
Patch,Morning Star,Fillet,10:16,NA,11.2125,08,2,2017,17:06
Patch,Morning Star,Fillet,10:16,NA,12.1,08,2,2017,17:07
Patch,Morning Star,Fillet,10:16,NA,12.425,08,2,2017,17:08
Patch,Morning Star,Fillet,10:16,NA,14.725,08,2,2017,17:09
Patch,Morning Star,Fillet,10:16,NA,11.0125,08,2,2017,17:10
Patch,Tasha Marie,Fillet,8:12,NA,13.4,08,2,2017,18:03
Patch,Tasha Marie,Fillet,8:12,NA,14.8875,08,2,2017,18:04
Patch,Tasha Marie,Fillet,8:12,NA,15.2625,08,2,2017,18:05
Patch,Tasha Marie,Fillet,8:12,NA,11.6,08,2,2017,18:05
Patch,Tasha Marie,Fillet,8:12,NA,13.55,08,2,2017,18:06
Patch,Morning Star,Fillet,10:16,NA,12.3875,08,2,2017,17:19
Patch,Morning Star,Fillet,10:16,NA,14.5125,08,2,2017,17:20
Patch,Morning Star,Fillet,10:16,NA,11.8,08,2,2017,17:21
Patch,Morning Star,Fillet,10:16,NA,14.325,08,2,2017,17:22
Patch,Morning Star,Fillet,10:16,NA,8.6375,08,2,2017,17:23
Patch,Tasha Marie,Fillet,8:12,NA,13.5625,08,2,2017,18:06
Patch,Tasha Marie,Fillet,8:12,NA,15.7,08,2,2017,18:07
Patch,Tasha Marie,Fillet,8:12,NA,13.05,08,2,2017,18:08
Patch,Tasha Marie,Fillet,8:12,NA,12.925,08,2,2017,18:09
Patch,Tasha Marie,Fillet,8:12,NA,15.8625,08,2,2017,18:10
Patch,Morning Star,Fillet,10:16,NA,14.125,08,3,2017,15:45
Patch,Morning Star,Fillet,10:16,NA,14.1875,08,3,2017,15:46
Patch,Morning Star,Fillet,10:16,NA,12.3375,08,3,2017,15:47
Patch,Morning Star,Fillet,10:16,NA,15.1125,08,3,2017,15:48
Patch,Morning Star,Fillet,10:16,NA,16.9375,08,3,2017,15:49
Patch,Morning Star,Fillet,7:11,NA,16.2375,08,3,2017,15:51
Patch,Morning Star,Fillet,7:11,NA,14.15,08,3,2017,15:52
Patch,Morning Star,Fillet,7:11,NA,14.2875,08,3,2017,15:53
Patch,Morning Star,Fillet,7:11,NA,15.9375,08,3,2017,15:54
Patch,Morning Star,Fillet,7:11,NA,14.675,08,3,2017,15:55
Patch,Morning Star,Fillet,10:16,NA,14.5125,08,4,2017,16:04
Patch,Morning Star,Fillet,10:16,NA,15.4,08,4,2017,16:05
Patch,Morning Star,Fillet,10:16,NA,15.3125,08,4,2017,16:12
Patch,Morning Star,Fillet,10:16,NA,16.9625,08,4,2017,16:13
Patch,Morning Star,Fillet,10:16,NA,14.1625,08,4,2017,16:14
Patch,Morning Star,Fillet,7:11,NA,17.975,08,4,2017,16:17
Patch,Morning Star,Fillet,7:11,NA,18.0375,08,4,2017,16:18
Patch,Morning Star,Fillet,7:11,NA,18.3125,08,4,2017,16:20
Patch,Morning Star,Fillet,7:11,NA,17.05,08,4,2017,16:20
Patch,Morning Star,Fillet,7:11,NA,18.0375,08,4,2017,16:21
Lurcher,Leroy and Barry,Bait,NA,21-23,4,08,8,2017,7:28
Lurcher,Leroy and Barry,Bait,NA,21-23,2.7375,08,8,2017,7:29
Lurcher,Leroy and Barry,Bait,NA,21-23,4.075,08,8,2017,7:30
Lurcher,Leroy and Barry,Bait,NA,21-23,3.9625,08,8,2017,7:31
Lurcher,Leroy and Barry,Bait,NA,21-23,3.45,08,8,2017,7:32
Lurcher,Leroy and Barry,Bait,NA,21-23,3.675,08,9,2017,8:03
Lurcher,Leroy and Barry,Bait,NA,21-23,3.8125,08,9,2017,8:04
Lurcher,Leroy and Barry,Bait,NA,21-23,4.3625,08,9,2017,8:05
Lurcher,Leroy and Barry,Bait,NA,21-23,2.9,08,9,2017,8:06
Lurcher,Leroy and Barry,Bait,NA,21-23,3.6,08,9,2017,8:07
Lurcher,Leroy and Barry,Bait,NA,15.5-20.5,3.625,08,10,2017,8:05
Lurcher,Leroy and Barry,Bait,NA,15.5-20.5,5.05,08,10,2017,8:08
Lurcher,Leroy and Barry,Bait,NA,15.5-20.5,6.9625,08,10,2017,8:09
Lurcher,Leroy and Barry,Bait,NA,15.5-20.5,4.3875,08,10,2017,8:10
Lurcher,Leroy and Barry,Bait,NA,15.5-20.5,5.375,08,10,2017,8:11
Lurcher,Leroy and Barry,Bait,NA,15.5-20.5,3.6875,08,11,2017,8:09
Lurcher,Leroy and Barry,Bait,NA,15.5-20.5,6.35,08,11,2017,8:10
Lurcher,Leroy and Barry,Bait,NA,15.5-20.5,5.9125,08,11,2017,8:11
Lurcher,Leroy and Barry,Bait,NA,15.5-20.5,4.0625,08,11,2017,8:11
Lurcher,Leroy and Barry,Bait,NA,15.5-20.5,6.875,08,11,2017,8:12
Patch,Morning Star,Fillet,10:16,NA,15,08,12,2017,15:00
Patch,Morning Star,Fillet,10:16,NA,15.625,08,12,2017,15:01
Patch,Morning Star,Fillet,10:16,NA,14.15,08,12,2017,15:01
Patch,Morning Star,Fillet,10:16,NA,14.05,08,12,2017,15:02
Patch,Morning Star,Fillet,10:16,NA,17.475,08,12,2017,15:03
Patch,Morning Star,Fillet,7:11,NA,14.725,08,12,2017,15:07
Patch,Morning Star,Fillet,7:11,NA,16.7625,08,12,2017,15:08
Patch,Morning Star,Fillet,7:11,NA,15.6625,08,12,2017,15:09
Patch,Morning Star,Fillet,7:11,NA,17.7875,08,12,2017,15:09
Patch,Morning Star,Fillet,7:11,NA,16.9875,08,12,2017,15:11
Patch,Tasha Marie,Fillet,10:16,NA,12.4125,08,12,2017,19:33
Patch,Tasha Marie,Fillet,10:16,NA,14.35,08,12,2017,19:34
Patch,Tasha Marie,Fillet,10:16,NA,15.0625,08,12,2017,19:34
Patch,Tasha Marie,Fillet,10:16,NA,14.9,08,12,2017,19:35
Patch,Tasha Marie,Fillet,10:16,NA,18.3875,08,12,2017,19:36
Patch,Tasha Marie,Fillet,7:11,NA,15.825,08,12,2017,20:01
Patch,Tasha Marie,Fillet,7:11,NA,15.8375,08,12,2017,20:03
Patch,Tasha Marie,Fillet,7:11,NA,17.0875,08,12,2017,20:03
Patch,Tasha Marie,Fillet,7:11,NA,17.3,08,12,2017,20:04
Patch,Tasha Marie,Fillet,7:11,NA,11.275,08,12,2017,20:04
Scotts Bay,Leroy and Barry,Fillet,10:22,NA,7.5625,08,13,2017,14:59
Scotts Bay,Leroy and Barry,Fillet,10:22,NA,4.65,08,13,2017,15:00
Scotts Bay,Leroy and Barry,Fillet,10:22,NA,3.725,08,13,2017,15:00
Scotts Bay,Leroy and Barry,Fillet,10:22,NA,7.6875,08,13,2017,15:01
Scotts Bay,Leroy and Barry,Fillet,10:22,NA,5.45,08,13,2017,15:03
Scotts Bay,Leroy and Barry,Fillet,10:20,NA,3.0875,08,13,2017,15:32
Scotts Bay,Leroy and Barry,Fillet,10:20,NA,6.575,08,13,2017,15:33
Scotts Bay,Leroy and Barry,Fillet,10:20,NA,6.8375,08,13,2017,15:33
Scotts Bay,Leroy and Barry,Fillet,10:20,NA,8.05,08,13,2017,15:34
Scotts Bay,Leroy and Barry,Fillet,10:20,NA,4.475,08,13,2017,15:36
Scotts Bay,Leroy and Barry,Fillet,10:22,NA,5.175,08,14,2017,12:26
Scotts Bay,Leroy and Barry,Fillet,10:22,NA,3.8375,08,14,2017,12:27
Scotts Bay,Leroy and Barry,Fillet,10:22,NA,7.475,08,14,2017,12:28
Scotts Bay,Leroy and Barry,Fillet,10:22,NA,2.8875,08,14,2017,12:28
Scotts Bay,Leroy and Barry,Fillet,10:22,NA,7.75,08,14,2017,12:30
German Bank,Leroy and Barry,Fillet,10:20,NA,8.0375,08,16,2017,7:00
German Bank,Leroy and Barry,Fillet,10:20,NA,8.0375,08,16,2017,7:01
German Bank,Leroy and Barry,Fillet,10:20,NA,9.2875,08,16,2017,7:02
German Bank,Leroy and Barry,Fillet,10:20,NA,5.75,08,16,2017,7:03
German Bank,Leroy and Barry,Fillet,10:20,NA,7.5,08,16,2017,7:04
German Bank,Leroy and Barry,Fillet,10:16,NA,8.3875,08,16,2017,8:31
German Bank,Leroy and Barry,Fillet,10:16,NA,11.425,08,16,2017,8:32
German Bank,Leroy and Barry,Fillet,10:16,NA,8.1375,08,16,2017,8:33
German Bank,Leroy and Barry,Fillet,10:16,NA,8.35,08,16,2017,8:34
German Bank,Leroy and Barry,Fillet,10:16,NA,10.375,08,16,2017,8:35
German Bank,Leroy and Barry,Fillet,15:22,NA,7.2125,08,17,2017,8:31
German Bank,Leroy and Barry,Fillet,15:22,NA,9.7125,08,17,2017,8:32
German Bank,Leroy and Barry,Fillet,15:22,NA,8.375,08,17,2017,8:35
German Bank,Leroy and Barry,Fillet,15:22,NA,8.7375,08,17,2017,8:37
German Bank,Leroy and Barry,Fillet,15:22,NA,8,08,17,2017,8:38
German Bank,Leroy and Barry,Fillet,10:16,NA,11.55,08,17,2017,9:21
German Bank,Leroy and Barry,Fillet,10:16,NA,12.6,08,17,2017,9:22
German Bank,Leroy and Barry,Fillet,10:16,NA,11.8375,08,17,2017,9:23
German Bank,Leroy and Barry,Fillet,10:16,NA,15.325,08,17,2017,9:24
German Bank,Leroy and Barry,Fillet,10:16,NA,12.275,08,17,2017,9:25
German Bank,Morning Star,Fillet,15:22,NA,9.2375,08,17,2017,12:17
German Bank,Morning Star,Fillet,15:22,NA,9.725,08,17,2017,12:18
German Bank,Morning Star,Fillet,15:22,NA,9.175,08,17,2017,12:19
German Bank,Morning Star,Fillet,15:22,NA,9.0125,08,17,2017,12:19
German Bank,Morning Star,Fillet,15:22,NA,6.0375,08,17,2017,12:20
German Bank,Morning Star,Fillet,10:16,NA,11.7375,08,17,2017,12:45
German Bank,Morning Star,Fillet,10:16,NA,13.7125,08,17,2017,12:46
German Bank,Morning Star,Fillet,10:16,NA,10.9125,08,17,2017,12:47
German Bank,Morning Star,Fillet,10:16,NA,12.35,08,17,2017,12:48
German Bank,Morning Star,Fillet,10:16,NA,12.35,08,17,2017,12:48
German Bank,Leroy and Barry,Fillet,10:20,NA,6.875,08,21,2017,7:08
German Bank,Leroy and Barry,Fillet,10:20,NA,7.375,08,21,2017,7:09
German Bank,Leroy and Barry,Fillet,10:20,NA,6.925,08,21,2017,7:10
German Bank,Leroy and Barry,Fillet,10:20,NA,9.65,08,21,2017,7:10
German Bank,Leroy and Barry,Fillet,10:20,NA,8.4625,08,21,2017,7:11
German Bank,Morning Star,Fillet,10:20,NA,7.4375,08,21,2017,11:36
German Bank,Morning Star,Fillet,10:20,NA,11.5875,08,21,2017,11:37
German Bank,Morning Star,Fillet,10:20,NA,5.5375,08,21,2017,11:37
German Bank,Morning Star,Fillet,10:20,NA,4.925,08,21,2017,11:38
German Bank,Morning Star,Fillet,10:20,NA,7.95,08,21,2017,11:39
German Bank,Leroy and Barry,Fillet,10:22,NA,6.4125,08,22,2017,10:39
German Bank,Leroy and Barry,Fillet,10:22,NA,5.05,08,22,2017,10:40
German Bank,Leroy and Barry,Fillet,10:22,NA,7.1,08,22,2017,10:41
German Bank,Leroy and Barry,Fillet,10:22,NA,7.1125,08,22,2017,10:41
German Bank,Leroy and Barry,Fillet,10:22,NA,3.9125,08,22,2017,10:42
German Bank,Leroy and Barry,Fillet,10:20,NA,4.575,08,23,2017,7:37
German Bank,Leroy and Barry,Fillet,10:20,NA,7.0875,08,23,2017,7:38
German Bank,Leroy and Barry,Fillet,10:20,NA,5.9875,08,23,2017,7:38
German Bank,Leroy and Barry,Fillet,10:20,NA,3.975,08,23,2017,7:39
German Bank,Leroy and Barry,Fillet,10:20,NA,6.4625,08,23,2017,7:40
German Bank,Morning Star,Fillet,15:22,NA,7.6,08,23,2017,10:49
German Bank,Morning Star,Fillet,15:22,NA,4.3375,08,23,2017,10:50
German Bank,Morning Star,Fillet,15:22,NA,4.5625,08,23,2017,10:51
German Bank,Morning Star,Fillet,15:22,NA,5.4625,08,23,2017,10:52
German Bank,Morning Star,Fillet,15:22,NA,3.7,08,23,2017,10:53
German Bank,Morning Star,Fillet,10:16,NA,5.9375,08,23,2017,12:43
German Bank,Morning Star,Fillet,10:16,NA,7.5625,08,23,2017,12:44
German Bank,Morning Star,Fillet,10:16,NA,7.1625,08,23,2017,12:55
German Bank,Morning Star,Fillet,10:16,NA,6.0125,08,23,2017,12:56
German Bank,Morning Star,Fillet,10:16,NA,6.7625,08,23,2017,12:57
NE Bank,Morning Star,Bait,NA,21-23,8.55,08,25,2017,7:24
NE Bank,Morning Star,Bait,NA,21-24,6.625,08,25,2017,7:24
NE Bank,Morning Star,Bait,NA,21-25,5.2,08,25,2017,7:25
NE Bank,Morning Star,Bait,NA,21-26,6.125,08,25,2017,7:26
NE Bank,Morning Star,Bait,NA,21-27,7.475,08,25,2017,7:27
Scotts Bay,Morning Star,Fillet,15:22,NA,8.4375,08,27,2017,16:47
Scotts Bay,Morning Star,Fillet,15:22,NA,6.0875,08,27,2017,17:19
Scotts Bay,Morning Star,Fillet,15:22,NA,4.7625,08,27,2017,17:19
Scotts Bay,Morning Star,Fillet,15:22,NA,9.5375,08,27,2017,17:20
Scotts Bay,Morning Star,Fillet,15:22,NA,6.0375,08,27,2017,17:21
Scotts Bay,Morning Star,Fillet,10:16,NA,7.8625,08,27,2017,17:40
Scotts Bay,Morning Star,Fillet,10:16,NA,6.35,08,27,2017,17:41
Scotts Bay,Morning Star,Fillet,10:16,NA,8.7,08,27,2017,17:42
Scotts Bay,Morning Star,Fillet,10:16,NA,6.425,08,27,2017,17:43
Scotts Bay,Morning Star,Fillet,10:16,NA,5.1625,08,27,2017,17:44
Scotts Bay,Morning Star,Fillet,10:20,NA,6.7625,08,28,2017,9:38
Scotts Bay,Morning Star,Fillet,10:20,NA,6.2375,08,28,2017,9:38
Scotts Bay,Morning Star,Fillet,10:20,NA,3.475,08,28,2017,9:39
Scotts Bay,Morning Star,Fillet,10:20,NA,4.7125,08,28,2017,9:41
Scotts Bay,Morning Star,Fillet,10:20,NA,4.5125,08,28,2017,9:42
Lurcher,Leroy and Barry,Bait,NA,21-23,5.7375,08,28,2017,11:17
Lurcher,Leroy and Barry,Bait,NA,21-23,4.8375,08,28,2017,11:18
Lurcher,Leroy and Barry,Bait,NA,21-23,3.775,08,28,2017,11:19
Lurcher,Leroy and Barry,Bait,NA,21-23,2.85,08,28,2017,11:20
Lurcher,Leroy and Barry,Bait,NA,21-23,2.975,08,28,2017,11:21
German Bank,Leroy and Barry,Fillet,10:20,NA,7.0375,08,29,2017,7:17
German Bank,Leroy and Barry,Fillet,10:20,NA,6.7125,08,29,2017,7:18
German Bank,Leroy and Barry,Fillet,10:20,NA,5.3375,08,29,2017,7:19
German Bank,Leroy and Barry,Fillet,10:20,NA,6.0625,08,29,2017,7:20
German Bank,Leroy and Barry,Fillet,10:20,NA,8.4625,08,29,2017,7:21
German Bank,Morning Star,Fillet,10:20,NA,4.2125,08,29,2017,9:36
German Bank,Morning Star,Fillet,10:20,NA,8.125,08,29,2017,9:37
German Bank,Morning Star,Fillet,10:20,NA,3.75,08,29,2017,9:38
German Bank,Morning Star,Fillet,10:20,NA,6.375,08,29,2017,9:39
German Bank,Morning Star,Fillet,10:20,NA,4.6375,08,29,2017,9:39
German Bank,Leroy and Barry,Fillet,10:22,NA,6.35,08,30,2017,7:14
German Bank,Leroy and Barry,Fillet,10:22,NA,5.95,08,30,2017,7:16
German Bank,Leroy and Barry,Fillet,10:22,NA,4.5125,08,30,2017,7:16
German Bank,Leroy and Barry,Fillet,10:22,NA,5.3,08,30,2017,7:17
German Bank,Leroy and Barry,Fillet,10:22,NA,4.6375,08,30,2017,7:18
German Bank,Morning Star,Fillet,10:22,NA,5.775,08,30,2017,10:49
German Bank,Morning Star,Fillet,10:22,NA,7.35,08,30,2017,10:50
German Bank,Morning Star,Fillet,10:22,NA,6.2625,08,30,2017,10:51
German Bank,Morning Star,Fillet,10:22,NA,4.425,08,30,2017,10:52
German Bank,Morning Star,Fillet,10:22,NA,5.6625,08,30,2017,10:53
German Bank,Leroy and Barry,Fillet,18:24,NA,7.525,08,31,2017,7:21
German Bank,Leroy and Barry,Fillet,18:24,NA,8,08,31,2017,7:23
German Bank,Leroy and Barry,Fillet,18:24,NA,7.3875,08,31,2017,7:24
German Bank,Leroy and Barry,Fillet,18:24,NA,7.25,08,31,2017,7:24
German Bank,Leroy and Barry,Fillet,18:24,NA,7.0125,08,31,2017,7:25
German Bank,Leroy and Barry,Fillet,10:20,NA,9.55,08,31,2017,9:31
German Bank,Leroy and Barry,Fillet,10:20,NA,11,08,31,2017,9:33
German Bank,Leroy and Barry,Fillet,10:20,NA,10.0375,08,31,2017,9:37
German Bank,Leroy and Barry,Fillet,10:20,NA,10.9875,08,31,2017,9:39
German Bank,Leroy and Barry,Fillet,10:20,NA,7.6625,08,31,2017,9:40
German Bank,Morning Star,Fillet,18:24,NA,4.6875,09,1,2017,7:02
German Bank,Morning Star,Fillet,18:24,NA,5.85,09,1,2017,7:20
German Bank,Morning Star,Fillet,18:24,NA,7.6125,09,1,2017,7:21
German Bank,Morning Star,Fillet,18:24,NA,7.625,09,1,2017,7:22
German Bank,Morning Star,Fillet,18:24,NA,4.075,09,1,2017,7:22
German Bank,Morning Star,Fillet,10:20,NA,8.2125,09,1,2017,9:41
German Bank,Morning Star,Fillet,10:20,NA,8.9875,09,1,2017,9:42
German Bank,Morning Star,Fillet,10:20,NA,7.5875,09,1,2017,9:42
German Bank,Morning Star,Fillet,10:20,NA,8.1,09,1,2017,9:43
German Bank,Morning Star,Fillet,10:20,NA,10.1875,09,1,2017,9:44
German Bank,Morning Star,Fillet,8:24,NA,4.6875,09,10,2017,12:26
German Bank,Morning Star,Fillet,8:24,NA,4.575,09,10,2017,12:27
German Bank,Morning Star,Fillet,8:24,NA,3.775,09,10,2017,12:28
German Bank,Morning Star,Fillet,8:24,NA,3.9125,09,10,2017,12:29
German Bank,Morning Star,Fillet,8:24,NA,3.3625,09,10,2017,12:29
German Bank,Morning Star,Fillet,10:20,NA,5.5125,09,10,2017,12:31
German Bank,Morning Star,Fillet,10:20,NA,5.975,09,10,2017,12:32
German Bank,Morning Star,Fillet,10:20,NA,5,09,10,2017,12:33
German Bank,Morning Star,Fillet,10:20,NA,7.9375,09,10,2017,12:33
German Bank,Morning Star,Fillet,10:20,NA,5.4125,09,10,2017,12:34
German Bank,Leroy and Barry,Fillet,18:24,NA,4.65,09,9,2017,10:47
German Bank,Leroy and Barry,Fillet,18:24,NA,6.6875,09,9,2017,10:48
German Bank,Leroy and Barry,Fillet,18:24,NA,4.025,09,9,2017,10:49
German Bank,Leroy and Barry,Fillet,18:24,NA,7.4375,09,9,2017,10:50
German Bank,Leroy and Barry,Fillet,18:24,NA,6.925,09,9,2017,10:51
German Bank,Leroy and Barry,Fillet,10:20,NA,7.1375,09,9,2017,13:43
German Bank,Leroy and Barry,Fillet,10:20,NA,6.5375,09,9,2017,13:45
German Bank,Leroy and Barry,Fillet,10:20,NA,5.7875,09,9,2017,13:45
German Bank,Leroy and Barry,Fillet,10:20,NA,7.275,09,9,2017,13:46
German Bank,Leroy and Barry,Fillet,10:20,NA,5.7875,09,9,2017,13:48
German Bank,Leroy and Barry,Fillet,18:24,NA,5.1375,09,11,2017,7:09
German Bank,Leroy and Barry,Fillet,18:24,NA,4.25,09,11,2017,7:10
German Bank,Leroy and Barry,Fillet,18:24,NA,6.2375,09,11,2017,7:11
German Bank,Leroy and Barry,Fillet,18:24,NA,5.3875,09,11,2017,7:12
German Bank,Leroy and Barry,Fillet,18:24,NA,4.775,09,11,2017,7:13
German Bank,Leroy and Barry,Fillet,10:20,NA,7.2625,09,11,2017,10:21
German Bank,Leroy and Barry,Fillet,10:20,NA,5.4875,09,11,2017,10:22
German Bank,Leroy and Barry,Fillet,10:20,NA,5.55,09,11,2017,10:22
German Bank,Leroy and Barry,Fillet,10:20,NA,7.1875,09,11,2017,10:23
German Bank,Leroy and Barry,Fillet,10:20,NA,7.0125,09,11,2017,10:24
German Bank,Morning Star,Fillet,18:24,NA,4.8375,09,11,2017,14:02
German Bank,Morning Star,Fillet,18:24,NA,5.7875,09,11,2017,14:03
German Bank,Morning Star,Fillet,18:24,NA,5.8875,09,11,2017,14:05
German Bank,Morning Star,Fillet,18:24,NA,5.4625,09,11,2017,14:06
German Bank,Morning Star,Fillet,18:24,NA,6.225,09,11,2017,14:07
German Bank,Leroy and Barry,Fillet,10:20,NA,5.625,09,12,2017,7:03
German Bank,Leroy and Barry,Fillet,10:20,NA,4.8375,09,12,2017,7:04
German Bank,Leroy and Barry,Fillet,10:20,NA,5.4625,09,12,2017,7:04
German Bank,Leroy and Barry,Fillet,10:20,NA,3.0375,09,12,2017,7:05
German Bank,Leroy and Barry,Fillet,10:20,NA,6.4,09,12,2017,7:06
German Bank,Morning Star,Fillet,10:20,NA,5.175,09,12,2017,15:31
German Bank,Morning Star,Fillet,10:20,NA,3.7375,09,12,2017,15:36
German Bank,Morning Star,Fillet,10:20,NA,6.2125,09,12,2017,15:37
German Bank,Morning Star,Fillet,10:20,NA,3.7,09,12,2017,15:38
German Bank,Morning Star,Fillet,10:20,NA,5.825,09,12,2017,15:39
German Bank,Leroy and Barry,Fillet,18:24,NA,4.55,09,13,2017,6:59
German Bank,Leroy and Barry,Fillet,18:24,NA,3.825,09,13,2017,7:00
German Bank,Leroy and Barry,Fillet,18:24,NA,5.3,09,13,2017,7:01
German Bank,Leroy and Barry,Fillet,18:24,NA,6.1625,09,13,2017,7:02
German Bank,Leroy and Barry,Fillet,18:24,NA,5.225,09,13,2017,7:03
German Bank,Morning Star,Fillet,18:24,NA,3.6875,09,14,2017,7:00
German Bank,Morning Star,Fillet,18:24,NA,6.0375,09,14,2017,7:01
German Bank,Morning Star,Fillet,18:24,NA,3.2125,09,14,2017,7:02
German Bank,Morning Star,Fillet,18:24,NA,6.125,09,14,2017,7:03
German Bank,Morning Star,Fillet,18:24,NA,2.8625,09,14,2017,7:04
German Bank,Leroy and Barry,Fillet,18:24,NA,4.2875,09,18,2017,8:55
German Bank,Leroy and Barry,Fillet,18:24,NA,6.7875,09,18,2017,8:56
German Bank,Leroy and Barry,Fillet,18:24,NA,4.4,09,18,2017,8:57
German Bank,Leroy and Barry,Fillet,18:24,NA,8.975,09,18,2017,8:57
German Bank,Leroy and Barry,Fillet,18:24,NA,6.375,09,18,2017,8:58
German Bank,Morning Star,Fillet,15:22,NA,6.3125,09,19,2017,7:03
German Bank,Morning Star,Fillet,15:22,NA,4.85,09,19,2017,7:04
German Bank,Morning Star,Fillet,15:22,NA,4.25,09,19,2017,7:05
German Bank,Morning Star,Fillet,15:22,NA,6.3375,09,19,2017,7:05
German Bank,Morning Star,Fillet,15:22,NA,4.5875,09,19,2017,7:06
Scotts Bay,Morning Star,Fillet,10:20,NA,6.4625,09,24,2017,14:04
Scotts Bay,Morning Star,Fillet,10:20,NA,4.3875,09,24,2017,14:25
Scotts Bay,Morning Star,Fillet,10:20,NA,3.675,09,24,2017,14:26
Scotts Bay,Morning Star,Fillet,10:20,NA,4.95,09,24,2017,14:26
Scotts Bay,Morning Star,Fillet,10:20,NA,5.075,09,24,2017,14:27
Scotts Bay,Leroy and Barry,Fillet,18:24,NA,5.1875,09,24,2017,20:18
Scotts Bay,Leroy and Barry,Fillet,18:24,NA,5.0625,09,24,2017,20:19
Scotts Bay,Leroy and Barry,Fillet,18:24,NA,4.3125,09,24,2017,20:20
Scotts Bay,Leroy and Barry,Fillet,18:24,NA,5.8875,09,24,2017,20:20
Scotts Bay,Leroy and Barry,Fillet,18:24,NA,4.0375,09,24,2017,20:21
Scotts Bay,Leroy and Barry,Fillet,18:24,NA,6.0875,09,25,2017,10:29
Scotts Bay,Leroy and Barry,Fillet,18:24,NA,3.425,09,25,2017,10:30
Scotts Bay,Leroy and Barry,Fillet,18:24,NA,4.0875,09,25,2017,10:31
Scotts Bay,Leroy and Barry,Fillet,18:24,NA,2.9875,09,25,2017,10:32
Scotts Bay,Leroy and Barry,Fillet,18:24,NA,5.025,09,25,2017,10:33
Scotts Bay,Morning Star,Fillet,10:20,NA,3.7125,09,25,2017,17:41
Scotts Bay,Morning Star,Fillet,10:20,NA,4.4125,09,25,2017,17:42
Scotts Bay,Morning Star,Fillet,10:20,NA,3.8375,09,25,2017,17:43
Scotts Bay,Morning Star,Fillet,10:20,NA,5.4875,09,25,2017,17:43
Scotts Bay,Morning Star,Fillet,10:20,NA,2.875,09,25,2017,17:44
Scotts Bay,Morning Star,Fillet,10:20,NA,3.1125,09,26,2017,15:39
Scotts Bay,Morning Star,Fillet,10:20,NA,3.9,09,26,2017,15:40
Scotts Bay,Morning Star,Fillet,10:20,NA,3.175,09,26,2017,15:41
Scotts Bay,Morning Star,Fillet,10:20,NA,2.8125,09,26,2017,15:42
Scotts Bay,Morning Star,Fillet,10:20,NA,4.525,09,26,2017,15:42
Scotts Bay,Leroy and Barry,Fillet,10:20,NA,3.45,09,26,2017,17:57
Scotts Bay,Leroy and Barry,Fillet,10:20,NA,5.2375,09,26,2017,17:57
Scotts Bay,Leroy and Barry,Fillet,10:20,NA,6.3875,09,26,2017,17:58
Scotts Bay,Leroy and Barry,Fillet,10:20,NA,3.4,09,26,2017,17:59
Scotts Bay,Leroy and Barry,Fillet,10:20,NA,2.7375,09,26,2017,18:00
Scotts Bay,Leroy and Barry,Fillet,10:20,NA,5.425,09,27,2017,10:21
Scotts Bay,Leroy and Barry,Fillet,10:20,NA,3.65,09,27,2017,10:22
Scotts Bay,Leroy and Barry,Fillet,10:20,NA,3.3125,09,27,2017,10:23
Scotts Bay,Leroy and Barry,Fillet,10:20,NA,4.475,09,27,2017,10:24
Scotts Bay,Leroy and Barry,Fillet,10:20,NA,3.575,09,27,2017,10:24
Scotts Bay,Morning Star,Fillet,10:20,NA,2.5,09,28,2017,6:55
Scotts Bay,Morning Star,Fillet,10:20,NA,4.275,09,28,2017,6:56
Scotts Bay,Morning Star,Fillet,10:20,NA,4.8625,09,28,2017,6:57
Scotts Bay,Morning Star,Fillet,10:20,NA,2.5625,09,28,2017,6:58
Scotts Bay,Morning Star,Fillet,10:20,NA,4.8375,09,28,2017,6:59
Grand Manan,Leroy and Barry,Bait,NA,15.5-20.5,7.5625,10,3,2017,8:52
Grand Manan,Leroy and Barry,Bait,NA,15.5-20.6,5.175,10,3,2017,8:53
Grand Manan,Leroy and Barry,Bait,NA,15.5-20.7,5.7,10,3,2017,8:54
Grand Manan,Leroy and Barry,Bait,NA,15.5-20.8,6.9625,10,3,2017,8:55
Grand Manan,Leroy and Barry,Bait,NA,15.5-20.9,4.0625,10,3,2017,8:56
Grand Manan,Morning Star,Bait,NA,15.5-20.5,3,10,3,2017,15:36
Grand Manan,Morning Star,Bait,NA,15.5-20.5,6.6375,10,3,2017,15:37
Grand Manan,Morning Star,Bait,NA,15.5-20.5,4.675,10,3,2017,15:37
Grand Manan,Morning Star,Bait,NA,15.5-20.5,5.675,10,3,2017,15:38
Grand Manan,Morning Star,Bait,NA,15.5-20.5,3.625,10,3,2017,15:39
NE Bank,Leroy and Barry,Bait,NA,23.5-26,4.3,10,4,2017,7:20
NE Bank,Leroy and Barry,Bait,NA,23.5-26,5.875,10,4,2017,7:21
NE Bank,Leroy and Barry,Bait,NA,23.5-26,5.5125,10,4,2017,7:22
NE Bank,Leroy and Barry,Bait,NA,23.5-26,5.525,10,4,2017,7:23
NE Bank,Leroy and Barry,Bait,NA,23.5-26,5.525,10,4,2017,7:24
Grand Manan,Morning Star,Bait,NA,21-23,5.4375,10,4,2017,8:03
Grand Manan,Morning Star,Bait,NA,21-23,8.3375,10,4,2017,8:03
Grand Manan,Morning Star,Bait,NA,21-23,5.6375,10,4,2017,8:05
Grand Manan,Morning Star,Bait,NA,21-23,8.2125,10,4,2017,8:05
Grand Manan,Morning Star,Bait,NA,21-23,5.8,10,4,2017,8:06
NE Bank,Leroy and Barry,Bait,NA,21-23,8.475,10,6,2017,7:37
NE Bank,Leroy and Barry,Bait,NA,21-23,5.7375,10,6,2017,7:38
NE Bank,Leroy and Barry,Bait,NA,21-23,3.9125,10,6,2017,7:38
NE Bank,Leroy and Barry,Bait,NA,21-23,5.4125,10,6,2017,7:39
NE Bank,Leroy and Barry,Bait,NA,21-23,7.075,10,6,2017,7:40
Grand Manan,Morning Star,Bait,NA,15.5-20.5,5.9625,10,7,2017,7:38
Grand Manan,Morning Star,Bait,NA,15.5-20.5,4.5,10,7,2017,7:39
Grand Manan,Morning Star,Bait,NA,15.5-20.5,5.975,10,7,2017,7:40
Grand Manan,Morning Star,Bait,NA,15.5-20.5,3.7625,10,7,2017,7:41
Grand Manan,Morning Star,Bait,NA,15.5-20.5,7.7,10,7,2017,7:42
Grand Manan,Morning Star,Bait,NA,15.5-20.5,3.925,10,8,2017,8:01
Grand Manan,Morning Star,Bait,NA,15.5-20.5,8.875,10,8,2017,8:02
Grand Manan,Morning Star,Bait,NA,15.5-20.5,4.875,10,8,2017,8:03
Grand Manan,Morning Star,Bait,NA,15.5-20.5,6.6875,10,8,2017,8:04
Grand Manan,Morning Star,Bait,NA,15.5-20.5,4.6625,10,8,2017,8:05
NE Bank,Leroy and Barry,Bait,NA,15.5-20.5,5.5,10,8,2017,8:07
NE Bank,Leroy and Barry,Bait,NA,15.5-20.5,7.2125,10,8,2017,8:08
NE Bank,Leroy and Barry,Bait,NA,15.5-20.5,4.5125,10,8,2017,8:09
NE Bank,Leroy and Barry,Bait,NA,15.5-20.5,5.925,10,8,2017,8:09
NE Bank,Leroy and Barry,Bait,NA,15.5-20.5,5.8125,10,8,2017,8:10
NE Bank,Leroy and Barry,Bait,NA,15.5-20.5,5.5875,10,8,2017,9:42
NE Bank,Leroy and Barry,Bait,NA,15.5-20.5,5.95,10,8,2017,9:42
NE Bank,Leroy and Barry,Bait,NA,15.5-20.5,6.1375,10,8,2017,9:43
NE Bank,Leroy and Barry,Bait,NA,15.5-20.5,4.8125,10,8,2017,9:44
NE Bank,Leroy and Barry,Bait,NA,15.5-20.5,4.65,10,8,2017,9:46
NE Bank,Leroy and Barry,Bait,NA,21-23,5.55,10,11,2017,7:02
NE Bank,Leroy and Barry,Bait,NA,21-24,5.0625,10,11,2017,7:03
NE Bank,Leroy and Barry,Bait,NA,21-25,5.45,10,11,2017,7:04
NE Bank,Leroy and Barry,Bait,NA,21-26,5.65,10,11,2017,7:04
NE Bank,Leroy and Barry,Bait,NA,21-27,5.6875,10,11,2017,7:05
NE Bank,Leroy and Barry,Bait,NA,21-23,9.3625,10,13,2017,6:52
NE Bank,Leroy and Barry,Bait,NA,21-24,6.5625,10,13,2017,6:53
NE Bank,Leroy and Barry,Bait,NA,21-25,6.725,10,13,2017,6:55
NE Bank,Leroy and Barry,Bait,NA,21-26,5.6,10,13,2017,6:55
NE Bank,Leroy and Barry,Bait,NA,21-27,6.2,10,13,2017,6:56
NE Bank,Morning Star,Bait,NA,21-28,4.7875,10,13,2017,7:16
NE Bank,Morning Star,Bait,NA,21-29,5.75,10,13,2017,7:17
NE Bank,Morning Star,Bait,NA,21-30,5.15,10,13,2017,7:19
NE Bank,Morning Star,Bait,NA,21-31,5.8875,10,13,2017,7:20
NE Bank,Morning Star,Bait,NA,21-32,4.8,10,13,2017,7:21
NE Bank,Leroy and Barry,Bait,NA,21-23,4.6625,10,14,2017,8:14
NE Bank,Leroy and Barry,Bait,NA,21-24,6.9125,10,14,2017,8:15
NE Bank,Leroy and Barry,Bait,NA,21-25,6.8625,10,14,2017,8:16
NE Bank,Leroy and Barry,Bait,NA,21-26,7.1375,10,14,2017,8:17
NE Bank,Leroy and Barry,Bait,NA,21-27,6.0625,10,14,2017,8:18
NE Bank,Morning Star,Bait,NA,21-28,6.65,10,14,2017,8:21
NE Bank,Morning Star,Bait,NA,21-29,6.6375,10,14,2017,8:22
NE Bank,Morning Star,Bait,NA,21-30,5.0625,10,14,2017,8:22
NE Bank,Morning Star,Bait,NA,21-31,5.775,10,14,2017,8:23
NE Bank,Morning Star,Bait,NA,21-32,7.85,10,14,2017,8:24
Port Mouton,Gillnet,Fillet,10:16,NA,8.9125,10,17,2017,14:41
Port Mouton,Gillnet,Fillet,10:16,NA,5.7625,10,17,2017,14:42
Port Mouton,Gillnet,Fillet,10:16,NA,5.6125,10,17,2017,14:43
Port Mouton,Gillnet,Fillet,10:16,NA,7.0375,10,17,2017,14:44
Port Mouton,Gillnet,Fillet,10:16,NA,4.95,10,17,2017,14:45
Port Mouton,Gillnet,Fillet,10:16,NA,8.425,10,19,2017,14:18
Port Mouton,Gillnet,Fillet,10:16,NA,5.85,10,19,2017,14:19
Port Mouton,Gillnet,Fillet,10:16,NA,5.95,10,19,2017,14:20
Port Mouton,Gillnet,Fillet,10:16,NA,5.6625,10,19,2017,14:20
Port Mouton,Gillnet,Fillet,10:16,NA,8.425,10,19,2017,14:21
Port Mouton,Gillnet,Fillet,10:16,NA,7.325,10,21,2017,16:18
Port Mouton,Gillnet,Fillet,10:16,NA,3.85,10,21,2017,16:19
Port Mouton,Gillnet,Fillet,10:16,NA,5.0875,10,21,2017,16:19
Port Mouton,Gillnet,Fillet,10:16,NA,6.45,10,21,2017,16:20
Port Mouton,Gillnet,Fillet,10:16,NA,4.325,10,21,2017,16:21
Port Mouton,Gillnet,Fillet,10:16,NA,6.8,10,23,2017,14:24
Port Mouton,Gillnet,Fillet,10:16,NA,6.6375,10,23,2017,14:25
Port Mouton,Gillnet,Fillet,10:16,NA,6.75,10,23,2017,14:28
Port Mouton,Gillnet,Fillet,10:16,NA,5.2875,10,23,2017,14:28
Port Mouton,Gillnet,Fillet,10:16,NA,9.775,10,23,2017,14:29
Port Mouton,Gillnet,Fillet,10:20,NA,5.35,10,24,2017,12:47
Port Mouton,Gillnet,Fillet,10:20,NA,5.975,10,24,2017,12:48
Port Mouton,Gillnet,Fillet,10:20,NA,7.175,10,24,2017,12:49
Port Mouton,Gillnet,Fillet,10:20,NA,5.1375,10,24,2017,12:49
Port Mouton,Gillnet,Fillet,10:20,NA,6.6125,10,24,2017,12:50
Port Mouton,Gillnet,Fillet,10:20,NA,5.95,10,25,2017,14:09
Port Mouton,Gillnet,Fillet,10:20,NA,3.5,10,25,2017,14:10
Port Mouton,Gillnet,Fillet,10:20,NA,7.575,10,25,2017,14:11
Port Mouton,Gillnet,Fillet,10:20,NA,4.525,10,25,2017,14:12
Port Mouton,Gillnet,Fillet,10:20,NA,4.15,10,25,2017,14:14
Port Mouton,Gillnet,Bait,NA,23.5-25.5,6.85,10,28,2017,15:06
Port Mouton,Gillnet,Bait,NA,23.5-25.5,4.9375,10,28,2017,15:07
Port Mouton,Gillnet,Bait,NA,23.5-25.5,4.4375,10,28,2017,15:07
Port Mouton,Gillnet,Bait,NA,23.5-25.5,6.9,10,28,2017,15:08
Port Mouton,Gillnet,Bait,NA,23.5-25.5,7.9625,10,28,2017,15:09
Port Mouton,Gillnet,Fillet,10:20,NA,6.575,10,30,2017,11:18
Port Mouton,Gillnet,Fillet,10:20,NA,7.625,10,30,2017,11:19
Port Mouton,Gillnet,Fillet,10:20,NA,4.475,10,30,2017,11:20
Port Mouton,Gillnet,Fillet,10:20,NA,4.3125,10,30,2017,11:23
Port Mouton,Gillnet,Fillet,10:20,NA,6.825,10,30,2017,11:25
Port Mouton,Gillnet,Fillet,10:20,NA,4.1625,11,1,2017,14:35
Port Mouton,Gillnet,Fillet,10:20,NA,5.95,11,1,2017,14:35
Port Mouton,Gillnet,Fillet,10:20,NA,4.6875,11,1,2017,14:36
Port Mouton,Gillnet,Fillet,10:20,NA,5.6625,11,1,2017,14:37
Port Mouton,Gillnet,Fillet,10:20,NA,4.9375,11,1,2017,14:38
Port Mouton,Gillnet,Fillet,10:20,NA,5.8125,11,2,2017,14:50
Port Mouton,Gillnet,Fillet,10:20,NA,7.625,11,2,2017,14:51
Port Mouton,Gillnet,Fillet,10:20,NA,5.45,11,2,2017,14:52
Port Mouton,Gillnet,Fillet,10:20,NA,3.8625,11,2,2017,14:53
Port Mouton,Gillnet,Fillet,10:20,NA,4.3375,11,2,2017,14:54
Port Mouton,Gillnet,Fillet,10:20,NA,6.2,11,3,2017,12:46
Port Mouton,Gillnet,Fillet,10:20,NA,3.8125,11,3,2017,12:48
Port Mouton,Gillnet,Fillet,10:20,NA,4.8,11,3,2017,12:48
Port Mouton,Gillnet,Fillet,10:20,NA,6.4125,11,3,2017,12:49
Port Mouton,Gillnet,Fillet,10:20,NA,5.075,11,3,2017,12:50
Port Mouton,Gillnet,Bait,NA,23.5-25.5,6.0875,11,14,2017,11:23
Port Mouton,Gillnet,Bait,NA,23.5-25.5,5,11,14,2017,11:24
Port Mouton,Gillnet,Bait,NA,23.5-25.5,4.0375,11,14,2017,11:25
Port Mouton,Gillnet,Bait,NA,23.5-25.5,6.3875,11,14,2017,11:26
Port Mouton,Gillnet,Bait,NA,23.5-25.5,4.4625,11,14,2017,11:27
Patch,Morning Star,Fresh Sale,NA,26,9.8875,05,16,2018,9:06
Patch,Morning Star,Fresh Sale,NA,26,2.825,05,16,2018,10:05
Patch,Morning Star,Fresh Sale,NA,26,4.0875,05,16,2018,10:05
Patch,Morning Star,Fresh Sale,NA,26,3.85,05,16,2018,10:06
Patch,Morning Star,Fresh Sale,NA,26,3.2625,05,16,2018,10:06
Patch,Morning Star,Fresh Sale,NA,26,3.3125,05,16,2018,10:07
Patch,Morning Star,Fresh Sale,NA,26,3.9625,05,16,2018,10:08
Patch,Morning Star,Fresh Sale,NA,27,11.425,05,24,2018,10:30
Patch,Morning Star,Fresh Sale,NA,27,7.225,05,24,2018,10:33
Patch,Morning Star,Fresh Sale,NA,27,7.525,05,24,2018,10:33
Patch,Morning Star,Fresh Sale,NA,27,7.675,05,24,2018,10:34
Patch,Morning Star,Fresh Sale,NA,27,9.3,05,24,2018,10:35
Patch,Morning Star,Fresh Sale,NA,27,7.6375,05,24,2018,10:35
Patch,Morning Star,Fresh Sale,NA,27,8.2625,05,24,2018,10:36
Patch,Morning Star,Fillet,10.2,NA,10.725,05,28,2018,17:09
Patch,Morning Star,Fillet,10.2,NA,7.3,05,28,2018,17:10
Patch,Morning Star,Fillet,10.2,NA,7.75,05,28,2018,17:11
Patch,Morning Star,Fillet,10.2,NA,9.15,05,28,2018,17:12
Patch,Morning Star,Fillet,10.2,NA,8.0125,05,28,2018,17:14
Patch,Morning Star,Fillet,10.2,NA,9.175,05,29,2018,17:35
Patch,Morning Star,Fillet,10.2,NA,6.9375,05,29,2018,17:36
Patch,Morning Star,Fillet,10.2,NA,8.3125,05,29,2018,17:37
Patch,Morning Star,Fillet,10.2,NA,8.975,05,29,2018,17:37
Patch,Morning Star,Fillet,10.2,NA,7.6125,05,29,2018,17:38
Patch,Morning Star,Fillet,10.2,NA,17.2,05,31,2018,17:21
Patch,Morning Star,Fillet,10.2,NA,11.6875,05,31,2018,17:22
Patch,Morning Star,Fillet,10.2,NA,14.8125,05,31,2018,17:23
Patch,Morning Star,Fillet,10.2,NA,8.725,05,31,2018,17:23
Patch,Morning Star,Fillet,10.2,NA,10.7375,05,31,2018,17:24
Patch,Morning Star,Fillet,10.16,NA,12.55,06,2,2018,15:50
Patch,Morning Star,Fillet,10.16,NA,9.6875,06,2,2018,15:50
Patch,Morning Star,Fillet,10.16,NA,11.8375,06,2,2018,15:51
Patch,Morning Star,Fillet,10.16,NA,12.575,06,2,2018,15:52
Patch,Morning Star,Fillet,10.16,NA,13.0125,06,2,2018,15:53
Patch,Morning Star,Fillet,NA,28,10.75,06,7,2018,18:12
Patch,Morning Star,Fillet,NA,28,10.8875,06,7,2018,18:13
Patch,Morning Star,Fillet,NA,28,10.5875,06,7,2018,18:14
Patch,Morning Star,Fillet,NA,28,11.675,06,7,2018,18:14
Patch,Morning Star,Fillet,NA,28,11.6875,06,7,2018,18:15
Patch,Morning Star,Fillet,10.16,NA,9.9625,06,8,2018,16:06
Patch,Morning Star,Fillet,10.16,NA,11.0875,06,8,2018,16:07
Patch,Morning Star,Fillet,10.16,NA,9.55,06,8,2018,16:36
Patch,Morning Star,Fillet,10.16,NA,12.55,06,8,2018,16:37
Patch,Morning Star,Fillet,10.16,NA,11.9125,06,8,2018,16:45
Patch,Morning Star,Fillet,10.16,NA,11.5625,06,8,2018,16:46
Patch,Morning Star,Fillet,10.16,NA,10.3625,06,8,2018,16:47
Patch,Morning Star,Fillet,10.16,NA,12.7375,06,8,2018,16:48
Patch,Morning Star,Fillet,10.16,NA,11.3625,06,8,2018,16:49
Patch,Morning Star,Fillet,10.16,NA,12.8375,06,8,2018,16:50
Patch,Morning Star,Bait,NA,23-30.5,15.5,06,8,2018,16:51
Patch,Morning Star,Bait,NA,23-30.5,15.05,06,8,2018,16:52
Patch,Morning Star,Bait,NA,23-30.5,15.775,06,8,2018,16:53
Patch,Morning Star,Bait,NA,23-30.5,13.3625,06,8,2018,16:54
Patch,Morning Star,Bait,NA,23-30.5,15.6125,06,8,2018,16:54
Patch,Morning Star,Fillet,10.16,NA,11.8625,06,10,2018,17:22
Patch,Morning Star,Fillet,10.16,NA,12.1125,06,10,2018,17:22
Patch,Morning Star,Fillet,10.16,NA,12.525,06,10,2018,17:24
Patch,Morning Star,Fillet,10.16,NA,11.05,06,10,2018,17:25
Patch,Morning Star,Fillet,10.16,NA,13.3,06,10,2018,17:26
Patch,Morning Star,Fillet,10.16,NA,11.525,06,10,2018,17:30
Patch,Morning Star,Fillet,10.16,NA,13.5375,06,10,2018,17:31
Patch,Morning Star,Fillet,10.16,NA,12.8125,06,10,2018,17:32
Patch,Morning Star,Fillet,10.16,NA,12.35,06,10,2018,17:39
Patch,Morning Star,Fillet,10.16,NA,14.3375,06,10,2018,17:40
Patch,Morning Star,Fillet,10.16,NA,9.1375,06,10,2018,17:43
Patch,Morning Star,Fillet,10.16,NA,11.9625,06,10,2018,17:44
Patch,Morning Star,Fillet,10.16,NA,9.825,06,10,2018,17:44
Patch,Morning Star,Fillet,10.16,NA,12.2875,06,10,2018,17:45
Patch,Morning Star,Fillet,10.16,NA,10.375,06,10,2018,17:46
NA,Leroy & Barry,Bait,NA,20.5-23,9.5875,06,17,2018,9:13
NA,Leroy & Barry,Bait,NA,20.5-23,8.25,06,17,2018,9:14
NA,Leroy & Barry,Bait,NA,20.5-23,12.525,06,17,2018,9:15
NA,Leroy & Barry,Bait,NA,20.5-23,7.3375,06,17,2018,9:16
NA,Leroy & Barry,Bait,NA,20.5-23,10.65,06,17,2018,9:17
NA,Morning Star,Bait,NA,23-30.5,11.2625,06,17,2018,10:30
NA,Morning Star,Bait,NA,23-30.5,11.4,06,17,2018,10:30
NA,Morning Star,Bait,NA,23-30.5,16.1625,06,17,2018,11:33
NA,Morning Star,Bait,NA,23-30.5,14.0875,06,17,2018,11:34
NA,Morning Star,Bait,NA,23-30.5,9.3625,06,17,2018,16:23
NA,Morning Star,Bait,NA,23-30.5,9.975,06,17,2018,16:24
Tear Drop,Leroy & Barry,Fillets,10.16,NA,13.1625,06,20,2018,9:02
Tear Drop,Leroy & Barry,Fillets,10.16,NA,8.675,06,20,2018,9:03
Tear Drop,Leroy & Barry,Fillets,10.16,NA,9.4875,06,20,2018,9:04
Tear Drop,Leroy & Barry,Fillets,10.16,NA,11.1375,06,20,2018,9:05
Tear Drop,Leroy & Barry,Fillets,10.16,NA,11.1,06,20,2018,9:06
Tear Drop,Leroy & Barry,Fillets,10.16,NA,16.625,06,20,2018,9:18
Tear Drop,Leroy & Barry,Fillets,10.16,NA,11.7875,06,20,2018,9:19
Tear Drop,Leroy & Barry,Bait,NA,23-30.5,14.5375,06,20,2018,9:20
Tear Drop,Leroy & Barry,Bait,NA,23-30.5,10.8875,06,20,2018,9:21
Tear Drop,Leroy & Barry,Bait,NA,23-30.5,8.1875,06,20,2018,9:22
Tear Drop,Leroy & Barry,Bait,NA,23-30.5,8.35,06,20,2018,9:25
Tear Drop,Leroy & Barry,Bait,NA,23-30.5,7.625,06,20,2018,9:26
Tear Drop,Leroy & Barry,Bait,NA,23-30.5,8.8125,06,20,2018,9:27
Tear Drop,Leroy & Barry,Bait,NA,23-30.5,7.5875,06,20,2018,9:27
Tear Drop,Leroy & Barry,Bait,NA,23-30.5,11.15,06,20,2018,9:28
Scots,Leroy & Barry,Fillets,10.16,NA,4.2125,06,25,2018,7:47
Scots,Leroy & Barry,Fillets,10.16,NA,4.025,06,25,2018,7:48
Scots,Leroy & Barry,Fillets,10.16,NA,3.0125,06,25,2018,7:49
Scots,Leroy & Barry,Fillets,10.16,NA,3.3125,06,25,2018,7:49
Scots,Leroy & Barry,Fillets,10.16,NA,4.3375,06,25,2018,7:50
Prong,Leroy & Barry,Bait,NA,18-20.5,9,06,28,2018,8:09
Prong,Leroy & Barry,Bait,NA,18-20.5,9.4375,06,28,2018,8:10
Prong,Leroy & Barry,Bait,NA,18-20.5,9.725,06,28,2018,8:11
Prong,Leroy & Barry,Bait,NA,18-20.5,8.275,06,28,2018,8:12
Prong,Leroy & Barry,Bait,NA,18-20.5,7.9125,06,28,2018,8:13
Prong,Leroy & Barry,Bait,NA,18-20.5,9.7375,06,30,2018,7:12
Prong,Leroy & Barry,Bait,NA,18-20.5,8.1125,06,30,2018,7:13
Prong,Leroy & Barry,Bait,NA,18-20.5,9.525,06,30,2018,7:14
Prong,Leroy & Barry,Bait,NA,18-20.5,9.8,06,30,2018,7:16
Prong,Leroy & Barry,Bait,NA,18-20.5,7.4625,06,30,2018,7:16
Grand Manan,Leroy & Barry,Bait,NA,18-20.5,5.95,07,3,2018,7:53
Grand Manan,Leroy & Barry,Bait,NA,18-20.5,7.175,07,3,2018,7:54
Grand Manan,Leroy & Barry,Bait,NA,18-20.5,7.9875,07,3,2018,7:55
Grand Manan,Leroy & Barry,Bait,NA,18-20.5,10.5625,07,3,2018,7:55
Grand Manan,Leroy & Barry,Bait,NA,18-20.5,6.6,07,3,2018,7:56
Grand Manan,Morning Star,Bait,NA,20.5-23,8.3,07,4,2018,7:10
Grand Manan,Morning Star,Bait,NA,20.5-23,4.875,07,4,2018,7:11
Grand Manan,Morning Star,Bait,NA,20.5-23,6.8125,07,4,2018,7:13
Grand Manan,Morning Star,Bait,NA,20.5-23,6.175,07,4,2018,7:14
Grand Manan,Morning Star,Bait,NA,20.5-23,8.7625,07,4,2018,7:15
Grand Manan,Leroy & Barry,Bait,NA,18-20.5,8.4875,07,4,2018,9:53
Grand Manan,Leroy & Barry,Bait,NA,18-20.5,8.0875,07,4,2018,9:54
Grand Manan,Leroy & Barry,Bait,NA,18-20.5,9.925,07,4,2018,9:54
Grand Manan,Leroy & Barry,Bait,NA,18-20.5,5.175,07,4,2018,9:55
Grand Manan,Leroy & Barry,Bait,NA,18-20.5,7.3875,07,4,2018,9:56
Grand Manan,Morning Star,Bait,NA,20.5-23,6.8875,07,5,2018,12:44
Grand Manan,Morning Star,Bait,NA,20.5-23,7.1125,07,5,2018,12:45
Grand Manan,Morning Star,Bait,NA,20.5-23,6.075,07,5,2018,12:46
Grand Manan,Morning Star,Bait,NA,20.5-23,5.0875,07,5,2018,12:46
Grand Manan,Morning Star,Bait,NA,20.5-23,6.6,07,5,2018,12:47
Long Island Shoal,Morning Star,Bait,NA,20.5-23,4.9375,07,5,2018,14:53
Long Island Shoal,Morning Star,Bait,NA,20.5-23,5.9375,07,5,2018,14:54
Long Island Shoal,Morning Star,Bait,NA,20.5-23,5.275,07,5,2018,14:55
Long Island Shoal,Morning Star,Bait,NA,20.5-23,4.4,07,5,2018,14:56
Long Island Shoal,Morning Star,Bait,NA,20.5-23,6.4125,07,5,2018,14:57
Scots,Leroy & Barry,Fillets,10.16,NA,5.7125,07,9,2018,15:29
Scots,Leroy & Barry,Fillets,10.16,NA,5.6375,07,9,2018,15:30
Scots,Leroy & Barry,Fillets,10.16,NA,7.775,07,9,2018,15:30
Scots,Leroy & Barry,Fillets,10.16,NA,7.325,07,9,2018,15:31
Scots,Leroy & Barry,Fillets,10.16,NA,6.5,07,9,2018,15:32
Scots,Morning Star,Fillets,10.16,NA,5.025,07,10,2018,9:04
Scots,Morning Star,Fillets,10.16,NA,6.95,07,10,2018,9:05
Scots,Morning Star,Fillets,10.16,NA,6.775,07,10,2018,9:06
Scots,Morning Star,Fillets,10.16,NA,4.35,07,10,2018,9:07
Scots,Morning Star,Fillets,10.16,NA,4.325,07,10,2018,9:08
Scots,Morning Star,Fillets,10.16,NA,6.225,07,10,2018,9:10
Scots,Morning Star,Fillets,10.16,NA,5.3625,07,10,2018,9:11
Scots,Morning Star,Fillets,10.16,NA,6.675,07,10,2018,9:12
Scots,Morning Star,Fillets,10.16,NA,5.2375,07,10,2018,9:12
Scots,Leroy & Barry,Fillets,10.16,NA,6.3625,07,10,2018,9:13
Scots,Leroy & Barry,Fillets,10.16,NA,6.1,07,10,2018,15:44
Scots,Leroy & Barry,Fillets,10.16,NA,5.4,07,10,2018,15:45
Scots,Leroy & Barry,Fillets,10.16,NA,4.5375,07,10,2018,15:46
Scots,Leroy & Barry,Fillets,10.16,NA,6.4625,07,10,2018,15:47
Scots,Leroy & Barry,Fillets,10.16,NA,5.125,07,10,2018,15:48
Scots,Morning Star,Fillets,10.16,NA,5.3875,07,11,2018,12:31
Scots,Morning Star,Fillets,10.16,NA,5.175,07,11,2018,12:32
Scots,Morning Star,Fillets,10.16,NA,4.4875,07,11,2018,12:33
Scots,Morning Star,Fillets,10.16,NA,3.7375,07,11,2018,12:34
Scots,Morning Star,Fillets,10.16,NA,6.1,07,11,2018,12:35
Scots,Morning Star,Fillets,10.16,NA,5.0125,07,11,2018,15:26
Scots,Morning Star,Fillets,10.16,NA,5.1125,07,11,2018,15:28
Scots,Morning Star,Fillets,10.16,NA,4.45,07,11,2018,15:31
Scots,Morning Star,Fillets,10.16,NA,5.65,07,11,2018,15:32
Scots,Morning Star,Fillets,10.16,NA,4.575,07,11,2018,15:33
Grand Manan,Morning Star,Bait,NA,18-20.5,9,07,12,2018,8:15
Grand Manan,Morning Star,Bait,NA,18-20.5,7.125,07,12,2018,8:16
Grand Manan,Morning Star,Bait,NA,18-20.5,9.975,07,12,2018,8:18
Grand Manan,Morning Star,Bait,NA,18-20.5,7.0875,07,12,2018,8:19
Grand Manan,Morning Star,Bait,NA,18-20.5,7.8375,07,12,2018,8:19
Grand Manan,Leroy & Barry,Bait,NA,18-20.5,7,07,12,2018,9:10
Grand Manan,Leroy & Barry,Bait,NA,18-20.5,7.9375,07,12,2018,9:11
Grand Manan,Leroy & Barry,Bait,NA,18-20.5,6.575,07,12,2018,9:12
Grand Manan,Leroy & Barry,Bait,NA,18-20.5,10.0375,07,12,2018,9:13
Grand Manan,Leroy & Barry,Bait,NA,18-20.5,7.65,07,12,2018,9:14
Grand Manan,Morning Star,Bait,NA,18-20.5,6.2125,07,13,2018,7:39
Grand Manan,Morning Star,Bait,NA,18-20.5,8.125,07,13,2018,7:40
Grand Manan,Morning Star,Bait,NA,18-20.5,5.85,07,13,2018,7:41
Grand Manan,Morning Star,Bait,NA,18-20.5,7.4,07,13,2018,7:42
Grand Manan,Morning Star,Bait,NA,18-20.5,8.3,07,13,2018,7:43
Grand Manan,Leroy & Barry,Bait,NA,18-20.5,6.1875,07,13,2018,9:39
Grand Manan,Leroy & Barry,Bait,NA,18-20.5,7.5,07,13,2018,9:40
Grand Manan,Leroy & Barry,Bait,NA,18-20.5,5.65,07,13,2018,9:40
Grand Manan,Leroy & Barry,Bait,NA,18-20.5,6.5625,07,13,2018,9:41
Grand Manan,Leroy & Barry,Bait,NA,18-20.5,5.7875,07,13,2018,9:42
Grand Manan,Morning Star,Bait,NA,18-20.5,9.575,07,16,2018,8:06
Grand Manan,Morning Star,Bait,NA,18-20.5,5.9875,07,16,2018,8:07
Grand Manan,Morning Star,Bait,NA,18-20.5,7.8125,07,16,2018,8:08
Grand Manan,Morning Star,Bait,NA,18-20.5,6.5875,07,16,2018,8:09
Grand Manan,Morning Star,Bait,NA,18-20.5,7.225,07,16,2018,8:09
Grand Manan,Leroy & Barry,Bait,NA,18-20.5,7.925,07,16,2018,11:30
Grand Manan,Leroy & Barry,Bait,NA,18-20.5,8.65,07,16,2018,11:31
Grand Manan,Leroy & Barry,Bait,NA,18-20.5,7.0375,07,16,2018,11:31
Grand Manan,Leroy & Barry,Bait,NA,18-20.5,7.1,07,16,2018,11:32
Grand Manan,Leroy & Barry,Bait,NA,18-20.5,6.9625,07,16,2018,11:33
Scots,Morning Star,Fillet,16-Oct,NA,4.5625,07,23,2018,8:40
Scots,Morning Star,Fillet,16-Oct,NA,4.9625,07,23,2018,8:41
Scots,Morning Star,Fillet,16-Oct,NA,6.1875,07,23,2018,8:41
Scots,Morning Star,Fillet,16-Oct,NA,4.7,07,23,2018,8:42
Scots,Morning Star,Fillet,16-Oct,NA,6.8625,07,23,2018,8:43
Scots,Morning Star,Fillet,20-Oct,NA,7.7875,07,25,2018,11:16
Scots,Morning Star,Fillet,20-Oct,NA,7.4625,07,25,2018,11:17
Scots,Morning Star,Fillet,20-Oct,NA,6.475,07,25,2018,11:18
Scots,Morning Star,Fillet,20-Oct,NA,6.4125,07,25,2018,11:20
Scots,Morning Star,Fillet,20-Oct,NA,5.35,07,25,2018,11:21
Grand Manan,Morning Star,Bait,NA,18-20.5,6.325,07,26,2018,7:40
Grand Manan,Morning Star,Bait,NA,18-20.5,6.3125,07,26,2018,7:41
Grand Manan,Morning Star,Bait,NA,18-20.5,7.825,07,26,2018,7:42
Grand Manan,Morning Star,Bait,NA,18-20.5,5.2125,07,26,2018,7:42
Grand Manan,Morning Star,Bait,NA,18-20.5,7.7125,07,26,2018,7:43
Grand Manan,Morning Star,Bait,NA,18-20.5,9.2125,07,28,2018,7:23
Grand Manan,Morning Star,Bait,NA,18-20.5,7.9,07,28,2018,7:24
Grand Manan,Morning Star,Bait,NA,18-20.5,9.3625,07,28,2018,7:24
Grand Manan,Morning Star,Bait,NA,18-20.5,9.225,07,28,2018,7:25
Grand Manan,Morning Star,Bait,NA,18-20.5,5.2,07,28,2018,7:26
Grand Manan,Morning Star,Bait,NA,18-20.5,9.4125,07,30,2018,7:43
Grand Manan,Morning Star,Bait,NA,18-20.5,6.5,07,30,2018,7:44
Grand Manan,Morning Star,Bait,NA,18-20.5,8.65,07,30,2018,7:44
Grand Manan,Morning Star,Bait,NA,18-20.5,8.5875,07,30,2018,7:45
Grand Manan,Morning Star,Bait,NA,18-20.5,10.6,07,30,2018,7:46
Long Island Shoal,Morning Star,Fillet,20-Oct,NA,9.5,08,1,2018,11:41
Long Island Shoal,Morning Star,Fillet,20-Oct,NA,10.975,08,1,2018,11:42
Long Island Shoal,Morning Star,Fillet,20-Oct,NA,11,08,1,2018,11:42
Long Island Shoal,Morning Star,Fillet,20-Oct,NA,9.85,08,1,2018,11:43
Long Island Shoal,Morning Star,Fillet,20-Oct,NA,5.9375,08,1,2018,11:44
Long Island Shoal,Leroy & Barry,Fillet,20-Oct,NA,9.7125,08,1,2018,17:56
Long Island Shoal,Leroy & Barry,Fillet,20-Oct,NA,7.4125,08,1,2018,17:57
Long Island Shoal,Leroy & Barry,Fillet,20-Oct,NA,8.325,08,1,2018,17:58
Long Island Shoal,Leroy & Barry,Fillet,20-Oct,NA,8.5,08,1,2018,17:58
Long Island Shoal,Leroy & Barry,Fillet,20-Oct,NA,8.275,08,1,2018,17:59
Long Island Shoal,Leroy & Barry,Bait,NA,20.5-23,5.8375,08,2,2018,10:37
Long Island Shoal,Leroy & Barry,NA,NA,20.5-23,9.625,08,2,2018,10:38
Long Island Shoal,Leroy & Barry,NA,NA,20.5-23,5.75,08,2,2018,10:39
Long Island Shoal,Leroy & Barry,NA,NA,20.5-23,5.85,08,2,2018,10:40
Long Island Shoal,Leroy & Barry,NA,NA,20.5-23,7.85,08,2,2018,10:40
Long Island Shoal,Morning Star,NA,NA,20.5-23,6.3875,08,2,2018,11:20
Long Island Shoal,Morning Star,NA,NA,20.5-23,7.55,08,2,2018,11:21
Long Island Shoal,Morning Star,NA,NA,20.5-23,6.9375,08,2,2018,11:22
Long Island Shoal,Morning Star,NA,NA,20.5-23,7.0625,08,2,2018,11:23
Long Island Shoal,Morning Star,NA,NA,20.5-23,8.9375,08,2,2018,11:23
Scots,Leroy & Barry,NA,NA,20.5-23,5.125,08,3,2018,8:21
Scots,Leroy & Barry,NA,NA,20.5-23,3.15,08,3,2018,8:22
Scots,Leroy & Barry,NA,NA,20.5-23,5.4875,08,3,2018,8:22
Scots,Leroy & Barry,NA,NA,20.5-23,4,08,3,2018,8:23
Scots,Leroy & Barry,NA,NA,20.5-23,4.6375,08,3,2018,8:24
Scots,Morning Star,NA,NA,20.5-23,6.15,08,3,2018,10:20
Scots,Morning Star,NA,NA,20.5-23,5.0875,08,3,2018,10:21
Scots,Morning Star,NA,NA,20.5-23,7.7375,08,3,2018,10:22
Scots,Morning Star,NA,NA,20.5-23,5.425,08,3,2018,10:23
Scots,Morning Star,NA,NA,20.5-23,6.8375,08,3,2018,10:24
Scots,Leroy & Barry,Fillet,20-Oct,NA,8.275,08,7,2018,17:04
Scots,Leroy & Barry,Fillet,20-Oct,NA,7.1375,08,7,2018,17:05
Scots,Leroy & Barry,Fillet,20-Oct,NA,6.3,08,7,2018,17:05
Scots,Leroy & Barry,Fillet,20-Oct,NA,9.3375,08,7,2018,17:06
Scots,Leroy & Barry,Fillet,20-Oct,NA,6,08,7,2018,17:07
Scots,Morning Star,Fillet,20-Oct,NA,7.8,08,7,2018,20:22
Scots,Morning Star,Fillet,20-Oct,NA,7.175,08,7,2018,20:23
Scots,Morning Star,Fillet,20-Oct,NA,6.25,08,7,2018,20:24
Scots,Morning Star,Fillet,20-Oct,NA,6.625,08,7,2018,20:25
Scots,Morning Star,Fillet,20-Oct,NA,5.8125,08,7,2018,20:26
Long Island Shoal,Leroy & Barry,Bait,NA,NA,3.6875,08,8,2018,9:00
Long Island Shoal,Leroy & Barry,Bait,NA,NA,3.7375,08,8,2018,9:01
Long Island Shoal,Leroy & Barry,Bait,NA,NA,3.6625,08,8,2018,9:02
Long Island Shoal,Leroy & Barry,Bait,NA,NA,3.6625,08,8,2018,9:02
Long Island Shoal,Leroy & Barry,Bait,NA,NA,5.8875,08,8,2018,9:04
Long Island Shoal,Morning Star,Bait,NA,NA,3.0625,08,8,2018,10:45
Long Island Shoal,Morning Star,Bait,NA,NA,4.925,08,8,2018,10:46
Long Island Shoal,Morning Star,Bait,NA,NA,2.7625,08,8,2018,10:46
Long Island Shoal,Morning Star,Bait,NA,NA,4.1875,08,8,2018,10:47
Long Island Shoal,Morning Star,Bait,NA,NA,3.0375,08,8,2018,10:48
Long Island Shoal,Leroy & Barry,Bait,NA,20.5-23,5.625,08,9,2018,8:15
Long Island Shoal,Leroy & Barry,Bait,NA,20.5-23,6.0625,08,9,2018,8:16
Long Island Shoal,Leroy & Barry,Bait,NA,20.5-23,6.2125,08,9,2018,8:16
Long Island Shoal,Leroy & Barry,Bait,NA,20.5-23,4.9,08,9,2018,8:17
Long Island Shoal,Leroy & Barry,Bait,NA,20.5-23,6.4,08,9,2018,8:18
Long Island Shoal,Morning Star,Fillet,15-22,NA,7,08,10,2018,12:57
Long Island Shoal,Morning Star,Fillet,15-22,NA,5.5625,08,10,2018,12:58
Long Island Shoal,Morning Star,Fillet,15-22,NA,4.6,08,10,2018,12:58
Long Island Shoal,Morning Star,Fillet,15-22,NA,5.0375,08,10,2018,12:59
Long Island Shoal,Morning Star,Fillet,15-22,NA,7.9125,08,10,2018,13:00
Long Island Shoal,Leroy & Barry,Bait,NA,20.5-23,4.575,08,10,2018,13:27
Long Island Shoal,Leroy & Barry,Bait,NA,20.5-23,2.85,08,10,2018,13:29
Long Island Shoal,Leroy & Barry,Bait,NA,20.5-23,4.0125,08,10,2018,13:30
Long Island Shoal,Leroy & Barry,Bait,NA,20.5-23,2.4875,08,10,2018,13:31
Long Island Shoal,Leroy & Barry,Bait,NA,20.5-23,3.9625,08,10,2018,13:32
East of Gully,Leroy & Barry,Fillet,20-Oct,NA,6.6,08,15,2018,7:13
East of Gully,Leroy & Barry,Fillet,20-Oct,NA,7.85,08,15,2018,7:15
East of Gully,Leroy & Barry,Fillet,20-Oct,NA,6.85,08,15,2018,7:17
East of Gully,Leroy & Barry,Fillet,20-Oct,NA,8.15,08,15,2018,7:18
East of Gully,Leroy & Barry,Fillet,20-Oct,NA,8.525,08,15,2018,7:19
Long Island Shoal,Morning Star,Bait,NA,20.5-23,6.725,08,15,2018,16:55
Long Island Shoal,Morning Star,Bait,NA,20.5-23,6.3625,08,15,2018,16:56
Long Island Shoal,Morning Star,Bait,NA,20.5-23,4.6125,08,15,2018,16:56
Long Island Shoal,Morning Star,Bait,NA,20.5-23,6.125,08,15,2018,16:57
Long Island Shoal,Morning Star,Bait,NA,20.5-23,5.725,08,15,2018,16:58
East of Gully,Leroy & Barry,Fillet,20-Oct,NA,12.45,08,17,2018,8:00
East of Gully,Leroy & Barry,Fillet,20-Oct,NA,11.4375,08,17,2018,8:02
East of Gully,Leroy & Barry,Fillet,20-Oct,NA,13.9,08,17,2018,8:02
East of Gully,Leroy & Barry,Fillet,20-Oct,NA,9.8625,08,17,2018,8:03
East of Gully,Leroy & Barry,Fillet,20-Oct,NA,14.6,08,17,2018,8:04
East of Gully,Morning Star,Fillet,20-Oct,NA,10.95,08,17,2018,10:30
East of Gully,Morning Star,Fillet,20-Oct,NA,8.5375,08,17,2018,10:31
East of Gully,Morning Star,Fillet,20-Oct,NA,10.525,08,17,2018,10:32
East of Gully,Morning Star,Fillet,20-Oct,NA,13.2,08,17,2018,10:33
East of Gully,Morning Star,Fillet,20-Oct,NA,13.9125,08,17,2018,10:34
Scots,Morning Star,Fillet,20-Oct,NA,6.9875,08,19,2018,15:35
Scots,Morning Star,Fillet,20-Oct,NA,7.6375,08,19,2018,15:35
Scots,Morning Star,Fillet,20-Oct,NA,7.625,08,19,2018,15:36
Scots,Morning Star,Fillet,20-Oct,NA,7.2625,08,19,2018,15:37
Scots,Morning Star,Fillet,20-Oct,NA,8.3875,08,19,2018,15:38
Scots,Leroy & Barry,Fillet,20-Oct,NA,3.575,08,20,2018,9:11
Scots,Leroy & Barry,Fillet,20-Oct,NA,5.075,08,20,2018,9:12
Scots,Leroy & Barry,Fillet,20-Oct,NA,5.225,08,20,2018,9:13
Scots,Leroy & Barry,Fillet,20-Oct,NA,4.4875,08,20,2018,9:14
Scots,Leroy & Barry,Fillet,20-Oct,NA,5.5625,08,20,2018,9:15
Scots,Morning Star,Fillet,20-Oct,NA,5.3,08,20,2018,11:22
Scots,Morning Star,Fillet,20-Oct,NA,7.225,08,20,2018,11:23
Scots,Morning Star,Fillet,20-Oct,NA,5.8375,08,20,2018,11:24
Scots,Morning Star,Fillet,20-Oct,NA,7.6875,08,20,2018,11:24
Scots,Morning Star,Fillet,20-Oct,NA,6.3,08,20,2018,11:25
Long Island Shoal,Leroy & Barry,Bait,NA,18-20.5,2.825,08,23,2018,6:28
Long Island Shoal,Leroy & Barry,Bait,NA,18-20.5,3.0375,08,23,2018,6:29
Long Island Shoal,Leroy & Barry,Bait,NA,18-20.5,2.9125,08,23,2018,6:30
Long Island Shoal,Leroy & Barry,Bait,NA,18-20.5,1.7375,08,23,2018,6:31
Long Island Shoal,Leroy & Barry,Bait,NA,18-20.5,2.675,08,23,2018,6:32
Long Island Shoal,Morning Star,Bait,NA,18-20.5,2.425,08,23,2018,6:44
Long Island Shoal,Morning Star,Bait,NA,18-20.5,1.7875,08,23,2018,6:45
Long Island Shoal,Morning Star,Bait,NA,18-20.5,1.875,08,23,2018,6:46
Long Island Shoal,Morning Star,Bait,NA,18-20.5,2.1,08,23,2018,6:47
Long Island Shoal,Morning Star,Bait,NA,18-20.5,5.0375,08,23,2018,6:48
East of Jauquau,Leroy & Barry,Fillet,15-22,NA,10.55,08,24,2018,8:37
East of Jauquau,Leroy & Barry,Fillet,15-22,NA,8.975,08,24,2018,8:38
East of Jauquau,Leroy & Barry,Fillet,15-22,NA,12.8875,08,24,2018,8:39
East of Jauquau,Leroy & Barry,Fillet,15-22,NA,10.7375,08,24,2018,8:40
East of Jauquau,Leroy & Barry,Fillet,15-22,NA,12.6375,08,24,2018,8:41
East of Jauquau,Morning Star,Fillet,15-22,NA,9.525,08,24,2018,10:59
East of Jauquau,Morning Star,Fillet,15-22,NA,10.275,08,24,2018,11:00
East of Jauquau,Morning Star,Fillet,15-22,NA,8.7625,08,24,2018,11:01
East of Jauquau,Morning Star,Fillet,15-22,NA,10.125,08,24,2018,11:04
East of Jauquau,Morning Star,Fillet,15-22,NA,11.1625,08,24,2018,11:05
German Bank,Leroy & Barry,Fillet,20-Oct,NA,8.85,08,30,2018,10:49
German Bank,Leroy & Barry,Fillet,20-Oct,NA,6.775,08,30,2018,10:51
German Bank,Leroy & Barry,Fillet,20-Oct,NA,5.1375,08,30,2018,10:52
German Bank,Leroy & Barry,Fillet,20-Oct,NA,9.2125,08,30,2018,10:52
German Bank,Leroy & Barry,Fillet,20-Oct,NA,5.25,08,30,2018,10:53
German Bank,Leroy & Barry,Fillet,20-Oct,NA,10.9625,08,30,2018,10:55
German Bank,Leroy & Barry,Fillet,20-Oct,NA,5.8125,08,30,2018,10:55
German Bank,Leroy & Barry,Fillet,20-Oct,NA,8.6625,08,30,2018,10:56
German Bank,Leroy & Barry,Fillet,20-Oct,NA,7.6,08,30,2018,10:57
German Bank,Leroy & Barry,Fillet,20-Oct,NA,6.0875,08,30,2018,10:58
German Bank,Morning Star,Fillet,20-Oct,NA,6.15,08,30,2018,16:55
German Bank,Morning Star,Fillet,20-Oct,NA,8.3,08,30,2018,16:56
German Bank,Morning Star,Fillet,20-Oct,NA,4.5375,08,30,2018,16:57
German Bank,Morning Star,Fillet,20-Oct,NA,8.0375,08,30,2018,16:58
German Bank,Morning Star,Fillet,20-Oct,NA,8.2875,08,30,2018,16:59
Scots,Morning Star,Fillet,20-Oct,NA,3.175,09,3,2018,15:22
Scots,Morning Star,Fillet,20-Oct,NA,3.35,09,3,2018,15:23
Scots,Morning Star,Fillet,20-Oct,NA,2.975,09,3,2018,15:24
Scots,Morning Star,Fillet,20-Oct,NA,3.15,09,3,2018,15:26
Scots,Morning Star,Fillet,20-Oct,NA,4.8875,09,3,2018,15:26
Scots,Morning Star,Fillet,20-Oct,NA,3.0375,09,3,2018,15:57
Scots,Morning Star,Fillet,20-Oct,NA,3.55,09,3,2018,15:58
Scots,Morning Star,Fillet,20-Oct,NA,4.6125,09,3,2018,16:22
Scots,Morning Star,Fillet,20-Oct,NA,3.85,09,3,2018,16:23
Scots,Morning Star,Fillet,20-Oct,NA,3.7375,09,3,2018,16:24
Scots,Leroy & Barry,Fillet,15-22,NA,4.4875,09,4,2018,15:37
Scots,Leroy & Barry,Fillet,15-22,NA,3.8625,09,4,2018,15:38
Scots,Leroy & Barry,Fillet,15-22,NA,4.2375,09,4,2018,15:39
Scots,Leroy & Barry,Fillet,15-22,NA,4.175,09,4,2018,15:40
Scots,Leroy & Barry,Fillet,15-22,NA,3.6875,09,4,2018,15:41
Scots,Morning Star,Fillet,15-22,NA,4.05,09,4,2018,20:24
Scots,Morning Star,Fillet,15-22,NA,4.2375,09,4,2018,20:25
Scots,Morning Star,Fillet,15-22,NA,5.3,09,4,2018,20:26
Scots,Morning Star,Fillet,15-22,NA,4.7125,09,4,2018,20:26
Scots,Morning Star,Fillet,15-22,NA,3.1,09,4,2018,20:27
SW of Seal Island,Leroy & Barry,Fillet,15-22,NA,7.425,09,5,2018,9:25
SW of Seal Island,Leroy & Barry,Fillet,15-22,NA,8.6,09,5,2018,9:26
SW of Seal Island,Leroy & Barry,Fillet,15-22,NA,7.2875,09,5,2018,9:26
SW of Seal Island,Leroy & Barry,Fillet,15-22,NA,8.8125,09,5,2018,9:27
SW of Seal Island,Leroy & Barry,Fillet,15-22,NA,8.5125,09,5,2018,9:28
SW of Seal Island,Leroy & Barry,Fillet,15-22,NA,6.775,09,5,2018,16:05
SW of Seal Island,Leroy & Barry,Fillet,15-22,NA,8.2375,09,5,2018,16:06
SW of Seal Island,Leroy & Barry,Fillet,15-22,NA,7.9,09,5,2018,16:07
SW of Seal Island,Leroy & Barry,Fillet,15-22,NA,8.5375,09,5,2018,16:07
SW of Seal Island,Leroy & Barry,Fillet,15-22,NA,6.7,09,5,2018,16:08
SW of Seal Island,Leroy & Barry,Fillet,15-22,NA,5.5,09,6,2018,7:16
SW of Seal Island,Leroy & Barry,Fillet,15-22,NA,5,09,6,2018,7:16
SW of Seal Island,Leroy & Barry,Fillet,15-22,NA,8.1375,09,6,2018,7:17
SW of Seal Island,Leroy & Barry,Fillet,15-22,NA,4.6125,09,6,2018,7:17
SW of Seal Island,Leroy & Barry,Fillet,15-22,NA,7.2,09,6,2018,7:18
SW of Seal Island,Leroy & Barry,Fillet,15-22,NA,8.325,09,6,2018,7:55
SW of Seal Island,Leroy & Barry,Fillet,15-22,NA,8.8125,09,6,2018,7:56
SW of Seal Island,Leroy & Barry,Fillet,15-22,NA,9.3125,09,6,2018,7:57
SW of Seal Island,Leroy & Barry,Fillet,15-22,NA,5.0125,09,6,2018,7:57
SW of Seal Island,Leroy & Barry,Fillet,15-22,NA,10.85,09,6,2018,7:58
SW of Seal Island,Leroy & Barry,Fillet,15-22,NA,7.2375,09,6,2018,8:29
SW of Seal Island,Leroy & Barry,Fillet,15-22,NA,2.7875,09,6,2018,8:29
SW of Seal Island,Leroy & Barry,Fillet,15-22,NA,2.675,09,6,2018,8:30
SW of Seal Island,Leroy & Barry,Fillet,15-22,NA,2.1625,09,6,2018,8:31
SW of Seal Island,Leroy & Barry,Fillet,15-22,NA,2.6375,09,6,2018,8:31
SW of Seal Island,Morning Star,Fillet,15-22,NA,3.9625,09,6,2018,12:40
SW of Seal Island,Morning Star,Fillet,15-22,NA,5.9125,09,6,2018,12:41
SW of Seal Island,Morning Star,Fillet,15-22,NA,4.925,09,6,2018,12:41
SW of Seal Island,Morning Star,Fillet,15-22,NA,7,09,6,2018,12:42
SW of Seal Island,Morning Star,Fillet,15-22,NA,4.9125,09,6,2018,12:43
SW of Seal Island,Morning Star,Fillet,15-22,NA,5.85,09,6,2018,18:48
SW of Seal Island,Morning Star,Fillet,15-22,NA,5.125,09,6,2018,18:49
SW of Seal Island,Morning Star,Fillet,15-22,NA,5.15,09,6,2018,18:50
SW of Seal Island,Morning Star,Fillet,15-22,NA,5.6875,09,6,2018,18:50
SW of Seal Island,Morning Star,Fillet,15-22,NA,5.95,09,6,2018,18:51
German Bank,Morning Star,Fillet,15-22,NA,4.4125,09,12,2018,12:42
German Bank,Morning Star,Fillet,15-22,NA,3.65,09,12,2018,12:43
German Bank,Morning Star,Fillet,15-22,NA,5.3375,09,12,2018,12:44
German Bank,Morning Star,Fillet,15-22,NA,4.4375,09,12,2018,12:47
German Bank,Morning Star,Fillet,15-22,NA,5.075,09,12,2018,12:49
German Bank,Leroy & Barry,Fillet,15-22,NA,5.275,09,14,2018,10:36
German Bank,Leroy & Barry,Fillet,15-22,NA,4.725,09,14,2018,10:37
German Bank,Leroy & Barry,Fillet,15-22,NA,5.675,09,14,2018,10:37
German Bank,Leroy & Barry,Fillet,15-22,NA,4.4625,09,14,2018,10:38
German Bank,Leroy & Barry,Fillet,15-22,NA,4.7875,09,14,2018,10:39
German Bank,Morning Star,Fillet,15-22,NA,4.9875,09,14,2018,11:24
German Bank,Morning Star,Fillet,15-22,NA,4.75,09,14,2018,11:25
German Bank,Morning Star,Fillet,15-22,NA,4.8375,09,14,2018,11:26
German Bank,Morning Star,Fillet,15-22,NA,4.7,09,14,2018,11:26
German Bank,Morning Star,Fillet,15-22,NA,4.9625,09,14,2018,11:27
German Bank,Leroy & Barry,Fillet,15-22,NA,3.225,09,18,2018,8:33
German Bank,Leroy & Barry,Fillet,15-22,NA,5.075,09,18,2018,8:35
German Bank,Leroy & Barry,Fillet,15-22,NA,3.5625,09,18,2018,8:36
German Bank,Leroy & Barry,Fillet,15-22,NA,5.3125,09,18,2018,8:36
German Bank,Leroy & Barry,Fillet,15-22,NA,4.9375,09,18,2018,8:37
German Bank,Morning Star,Fillet,15-22,NA,4.1875,09,18,2018,13:13
German Bank,Morning Star,Fillet,15-22,NA,4.6625,09,18,2018,13:14
German Bank,Morning Star,Fillet,15-22,NA,4.425,09,18,2018,13:14
German Bank,Morning Star,Fillet,15-22,NA,3.9875,09,18,2018,13:15
German Bank,Morning Star,Fillet,15-22,NA,5.1625,09,18,2018,13:16
West of Seal Island,Leroy & Barry,Fillet,15-22,NA,5.8625,09,19,2018,10:57
West of Seal Island,Leroy & Barry,Fillet,15-22,NA,3.35,09,19,2018,10:58
West of Seal Island,Leroy & Barry,Fillet,15-22,NA,3.775,09,19,2018,10:59
West of Seal Island,Leroy & Barry,Fillet,15-22,NA,4.3625,09,19,2018,10:59
West of Seal Island,Leroy & Barry,Fillet,15-22,NA,4.65,09,19,2018,11:00
West of Seal Island,Morning Star,Fillet,15-22,NA,3.4875,09,19,2018,15:37
West of Seal Island,Morning Star,Fillet,15-22,NA,2.725,09,19,2018,15:38
West of Seal Island,Morning Star,Fillet,15-22,NA,4.4875,09,19,2018,15:38
West of Seal Island,Morning Star,Fillet,15-22,NA,3.6625,09,19,2018,15:48
West of Seal Island,Morning Star,Fillet,15-22,NA,5.425,09,19,2018,15:48
German Bank,Leroy & Barry,Fillet,15-22,NA,3.4375,09,21,2018,11:16
German Bank,Leroy & Barry,Fillet,15-22,NA,5.525,09,21,2018,11:17
German Bank,Leroy & Barry,Fillet,15-22,NA,5.175,09,21,2018,11:17
German Bank,Leroy & Barry,Fillet,15-22,NA,5.4625,09,21,2018,11:18
German Bank,Leroy & Barry,Fillet,15-22,NA,4.325,09,21,2018,11:19
German Bank,Morning Star,Fillet,15-22,NA,4.25,09,21,2018,16:42
German Bank,Morning Star,Fillet,15-22,NA,4.7,09,21,2018,16:43
German Bank,Morning Star,Fillet,15-22,NA,3.8625,09,21,2018,16:45
German Bank,Morning Star,Fillet,15-22,NA,3.625,09,21,2018,16:46
German Bank,Morning Star,Fillet,15-22,NA,3.05,09,21,2018,16:47
German Bank,Leroy & Barry,Fillet,15-22,NA,5.0625,09,24,2018,15:17
German Bank,Leroy & Barry,Fillet,15-22,NA,4.75,09,24,2018,15:18
German Bank,Leroy & Barry,Fillet,15-22,NA,3.4625,09,24,2018,15:19
German Bank,Leroy & Barry,Fillet,15-22,NA,4.0375,09,24,2018,15:19
German Bank,Leroy & Barry,Fillet,15-22,NA,5.175,09,24,2018,15:20
German Bank,Morning Star,Fillet,15-22,NA,4,09,24,2018,15:23
German Bank,Morning Star,Fillet,15-22,NA,4.3375,09,24,2018,15:24
German Bank,Morning Star,Fillet,15-22,NA,4.675,09,24,2018,15:25
German Bank,Morning Star,Fillet,15-22,NA,3.7125,09,24,2018,15:26
German Bank,Morning Star,Fillet,15-22,NA,3.1625,09,24,2018,15:26
German Bank,Morning Star,Fillet,15-22,NA,3.875,09,25,2018,14:24
German Bank,Morning Star,Fillet,15-22,NA,3.4875,09,25,2018,14:25
German Bank,Morning Star,Fillet,15-22,NA,3.2625,09,25,2018,14:26
German Bank,Morning Star,Fillet,15-22,NA,3.4375,09,25,2018,14:27
German Bank,Morning Star,Fillet,15-22,NA,3.1125,09,25,2018,14:28
German Bank,Leroy & Barry,Fillet,15-22,NA,3.0125,09,25,2018,16:15
German Bank,Leroy & Barry,Fillet,15-22,NA,2.775,09,25,2018,16:16
German Bank,Leroy & Barry,Fillet,15-22,NA,4.1625,09,25,2018,16:17
German Bank,Leroy & Barry,Fillet,15-22,NA,2.4375,09,25,2018,16:18
German Bank,Leroy & Barry,Fillet,15-22,NA,5.65,09,25,2018,16:20
German Bank,Leroy & Barry,Fillet,15-22,NA,3.925,09,28,2018,9:18
German Bank,Leroy & Barry,Fillet,15-22,NA,4.5625,09,28,2018,9:18
German Bank,Leroy & Barry,Fillet,15-22,NA,4.7,09,28,2018,9:19
German Bank,Leroy & Barry,Fillet,15-22,NA,6.825,09,28,2018,9:20
German Bank,Leroy & Barry,Fillet,15-22,NA,4.225,09,28,2018,9:20
German Bank,Morning Star,Fillet,15-22,NA,3.025,09,28,2018,16:55
German Bank,Morning Star,Fillet,15-22,NA,4.8125,09,28,2018,16:56
German Bank,Morning Star,Fillet,15-22,NA,2.575,09,28,2018,16:56
German Bank,Morning Star,Fillet,15-22,NA,3.6,09,28,2018,16:58
German Bank,Morning Star,Fillet,15-22,NA,6.5125,09,28,2018,16:58
German Bank,Leroy & Barry,Fillet,15-22,NA,5.4625,10,1,2018,8:48
German Bank,Leroy & Barry,Fillet,15-22,NA,4.6125,10,1,2018,8:50
German Bank,Leroy & Barry,Fillet,15-22,NA,4.9625,10,1,2018,8:51
German Bank,Leroy & Barry,Fillet,15-22,NA,5.7875,10,1,2018,8:52
German Bank,Leroy & Barry,Fillet,15-22,NA,5.2375,10,1,2018,8:53
German Bank,Morning Star,Fillet,15-22,NA,5.3,10,1,2018,14:02
German Bank,Morning Star,Fillet,15-22,NA,4.5,10,1,2018,14:03
German Bank,Morning Star,Fillet,15-22,NA,6.1375,10,1,2018,14:04
German Bank,Morning Star,Fillet,15-22,NA,4.1375,10,1,2018,14:05
German Bank,Morning Star,Fillet,15-22,NA,4.675,10,1,2018,14:06
German Bank,Leroy & Barry,Fillet,15-22,NA,3.975,10,2,2018,10:31
German Bank,Leroy & Barry,Fillet,15-22,NA,3.4125,10,2,2018,10:32
German Bank,Leroy & Barry,Fillet,15-22,NA,4.65,10,2,2018,10:32
German Bank,Leroy & Barry,Fillet,15-22,NA,3.125,10,2,2018,10:33
German Bank,Leroy & Barry,Fillet,15-22,NA,3.6625,10,2,2018,10:34
German Bank,Leroy & Barry,Fillet,16-Oct,NA,7.125,10,2,2018,15:57
German Bank,Leroy & Barry,Fillet,16-Oct,NA,3.525,10,2,2018,15:57
German Bank,Leroy & Barry,Fillet,16-Oct,NA,3.85,10,2,2018,15:58
German Bank,Leroy & Barry,Fillet,16-Oct,NA,3.2375,10,2,2018,15:59
German Bank,Leroy & Barry,Fillet,16-Oct,NA,7.175,10,2,2018,16:00
German Bank,Morning Star,Fillet,15-22,NA,5.575,10,4,2018,9:12
German Bank,Morning Star,Fillet,15-22,NA,5.1625,10,4,2018,9:13
German Bank,Morning Star,Fillet,15-22,NA,4.225,10,4,2018,9:14
German Bank,Morning Star,Fillet,15-22,NA,3.125,10,4,2018,9:14
German Bank,Morning Star,Fillet,15-22,NA,4.0875,10,4,2018,9:15
German Bank,Leroy & Barry,Fillet,15-22,NA,5.2,10,5,2018,10:25
German Bank,Leroy & Barry,Fillet,15-22,NA,3.075,10,5,2018,10:25
German Bank,Leroy & Barry,Fillet,15-22,NA,4.3875,10,5,2018,10:26
German Bank,Leroy & Barry,Fillet,15-22,NA,4.0125,10,5,2018,10:27
German Bank,Leroy & Barry,Fillet,15-22,NA,4,10,5,2018,10:28
German Bank,Morning Star,Fillet,15-22,NA,5.75,10,5,2018,11:36
German Bank,Morning Star,Fillet,15-22,NA,2.25,10,5,2018,11:37
German Bank,Morning Star,Fillet,15-22,NA,4.9125,10,5,2018,11:38
German Bank,Morning Star,Fillet,15-22,NA,3.2875,10,5,2018,11:38
German Bank,Morning Star,Fillet,15-22,NA,4.075,10,5,2018,11:39
German Bank,Tasha Marie,Fillet,15-22,NA,5.6625,10,9,2018,9:34
German Bank,Tasha Marie,Fillet,15-22,NA,4.8375,10,9,2018,9:35
German Bank,Tasha Marie,Fillet,15-22,NA,5.125,10,9,2018,9:36
German Bank,Tasha Marie,Fillet,15-22,NA,7.15,10,9,2018,9:37
German Bank,Tasha Marie,Fillet,15-22,NA,4.0375,10,9,2018,9:37
German Bank,Tasha Marie,Fillet,15-22,NA,6.0375,10,11,2018,10:58
German Bank,Tasha Marie,Fillet,15-22,NA,3.775,10,11,2018,10:59
German Bank,Tasha Marie,Fillet,15-22,NA,7.275,10,11,2018,10:59
German Bank,Tasha Marie,Fillet,15-22,NA,4.025,10,11,2018,11:00
German Bank,Tasha Marie,Fillet,15-22,NA,5.225,10,11,2018,11:01
