Lengthmm,id,Condition,Yolk_sac,Yolk_sac_length,Preservative,Year,Ground
1.86,SB2018-08,G,,,4% formalin,2018,SB
2.13,SB2018-08,G,,,4% formalin,2018,SB
2.21,SB2018-08,G,,,4% formalin,2018,SB
2.29,SB2018-01,G,0.72,,70% alcohol,2018,SB
2.71,SB2019-02,G,,,70% alcohol,2019,SB
3.05,SB2020-01,G,Y,0.58,4% formalin,2020,SB
3.14,SB2018-08,G,,,4% formalin,2018,SB
3.15,SB2018-08,G,,,4% formalin,2018,SB
3.16,SB2019-04,G,,,70% alcohol,2019,SB
3.19,SB2020-02,G,,,4% formalin,2020,SB
3.23,SB2020-02,G,,,4% formalin,2020,SB
3.24,SB2020-01,G,,,4% formalin,2020,SB
3.28,SI2019-02,,,,70% alcohol,2019,SI
3.33,SB2018-08,G,,,4% formalin,2018,SB
3.45,SB2020-02,G,,,4% formalin,2020,SB
3.54,SB2020-01,G,Y,0.99,4% formalin,2020,SB
3.68,SB2020-03,G,,,4% formalin,2020,SB
3.68,SB2019-04,G,,,70% alcohol,2019,SB
3.72,SB2020-01,G,,,4% formalin,2020,SB
3.73,SB2020-02,G,,,4% formalin,2020,SB
3.73,SB2020-02,G,Y,0.59,4% formalin,2020,SB
3.73,SB2020-01,G,Y,0.87,4% formalin,2020,SB
3.75,SB2017-01,G,,,4% formalin,2017,SB
3.76,SB2020-03,G,Y,0.67,4% formalin,2020,SB
3.99,SB2020-02,G,,,4% formalin,2020,SB
4,SB2020-01,G,,,4% formalin,2020,SB
4.01,SB2020-13,G,,,4% formalin,2020,SB
4.01,SB2020-02,G,,,4% formalin,2020,SB
4.1,SB2020-01,G,,,4% formalin,2020,SB
4.12,SB2020-02,G,,,4% formalin,2020,SB
4.125,SB2017-01,G,,,4% formalin,2017,SB
4.13,SB2019-03,G,0.64,,70% alcohol,2019,SB
4.16,SB2019-13,G,,,70% alcohol,2019,SB
4.2,SB2020-03,G,,,4% formalin,2020,SB
4.22,SB2020-03,G,,,4% formalin,2020,SB
4.23,SB2020-02,G,,,4% formalin,2020,SB
4.27,SB2020-13,H,,,4% formalin,2020,SB
4.3,SB2018-08,G,,,4% formalin,2018,SB
4.35,SB2020-01,G,,,4% formalin,2020,SB
4.36,SI2019-01,,,,4% formalin,2019,SI
4.37,SB2019-04,G,,,70% alcohol,2019,SB
4.39,SB2020-03,G,,,4% formalin,2020,SB
4.4,SB2020-02,G,,,4% formalin,2020,SB
4.43,SB2019-13,G,,,70% alcohol,2019,SB
4.45,SB2020-03,G,,,4% formalin,2020,SB
4.46,SB2019-03,G,,,70% alcohol,2019,SB
4.48,SB2019-04,G,,,70% alcohol,2019,SB
4.48,SB2018-08,G,,,4% formalin,2018,SB
4.5,SB2020-03,G,,,4% formalin,2020,SB
4.54,SB2020-03,G,Y,0.81,4% formalin,2020,SB
4.54,SB2019-04,G,,,70% alcohol,2019,SB
4.55,SB2020-02,G,,,4% formalin,2020,SB
4.55,SB2019-13,G,,,70% alcohol,2019,SB
4.57,SB2020-14,H,,,4% formalin,2020,SB
4.6,SB2020-02,G,,,4% formalin,2020,SB
4.6,SB2019-12,G,,,4% formalin,2019,SB
4.62,SB2018-08,G,,,4% formalin,2018,SB
4.65,SB2019-13,G,,,70% alcohol,2019,SB
4.68,SB2019-04,G,0.66,,70% alcohol,2019,SB
4.71,SB2019-04,G,,,70% alcohol,2019,SB
4.71,SB2018-01,G,,,70% alcohol,2018,SB
4.72,SB2020-02,G,,,4% formalin,2020,SB
4.73,SB2020-13,H,,,4% formalin,2020,SB
4.74,SB2019-12,G,,,4% formalin,2019,SB
4.75,SB2019-06,G,,,70% alcohol,2019,SB
4.81,SB2020-13,H,,,4% formalin,2020,SB
4.81,SB2018-08,G,,,4% formalin,2018,SB
4.84,SB2018-08,G,,,4% formalin,2018,SB
4.85,SB2020-03,G,,,4% formalin,2020,SB
4.85,SB2019-13,G,0.79,,70% alcohol,2019,SB
4.85,SB2019-04,G,,,70% alcohol,2019,SB
4.875,SB2017-01,G,,,4% formalin,2017,SB
4.88,SB2020-13,H,,,4% formalin,2020,SB
4.89,SB2020-13,G,,,4% formalin,2020,SB
4.9,SB2020-14,G,,,4% formalin,2020,SB
4.9,SB2020-02,G,,,4% formalin,2020,SB
4.9,SB2019-04,G,,,70% alcohol,2019,SB
4.9,SB2018-08,G,,,4% formalin,2018,SB
4.95,SB2018-08,G,,,4% formalin,2018,SB
4.99,SB2020-13,H,,,4% formalin,2020,SB
5,SB2018-08,G,,,4% formalin,2018,SB
5,SB2017-01,G,,,4% formalin,2017,SB
5,SI2019-01,,,,4% formalin,2019,SI
5.01,SB2019-13,G,,,70% alcohol,2019,SB
5.01,SB2019-04,G,,,70% alcohol,2019,SB
5.02,SB2019-12,G,,,4% formalin,2019,SB
5.02,SB2019-04,G,,,70% alcohol,2019,SB
5.04,SB2020-13,G,,,4% formalin,2020,SB
5.05,SB2018-08,G,,,4% formalin,2018,SB
5.07,SB2020-13,H,,,4% formalin,2020,SB
5.09,SB2020-13,H,,,4% formalin,2020,SB
5.12,SB2020-14,H,,,4% formalin,2020,SB
5.13,SB2020-03,G,Y,1.07,4% formalin,2020,SB
5.15,SB2020-14,H,,,4% formalin,2020,SB
5.16,SB2019-03,G,,,70% alcohol,2019,SB
5.19,SB2020-02,G,,,4% formalin,2020,SB
5.19,SB2018-08,G,,,4% formalin,2018,SB
5.19,SB2018-08,G,,,4% formalin,2018,SB
5.25,SB2019-13,G,,,70% alcohol,2019,SB
5.25,SB2019-03,G,,,70% alcohol,2019,SB
5.29,SB2020-14,G,,,4% formalin,2020,SB
5.29,SB2020-03,G,Y,1.64,4% formalin,2020,SB
5.33,SB2020-13,G,,,4% formalin,2020,SB
5.34,SB2019-04,G,1.22,,70% alcohol,2019,SB
5.36,SB2020-13,G,,,4% formalin,2020,SB
5.36,SB2019-06,G,,,70% alcohol,2019,SB
5.38,SB2018-08,G,,,4% formalin,2018,SB
5.39,SB2020-14,G,,,4% formalin,2020,SB
5.4,SB2020-13,H,,,4% formalin,2020,SB
5.4,SB2020-03,D,,,4% formalin,2020,SB
5.4,SB2020-03,G,Y,0.87,4% formalin,2020,SB
5.4,SB2020-01,G,,,4% formalin,2020,SB
5.4,SB2018-08,G,,,4% formalin,2018,SB
5.42,SB2020-02,G,,,4% formalin,2020,SB
5.44,SB2018-08,G,,,4% formalin,2018,SB
5.46,SB2018-08,G,,,4% formalin,2018,SB
5.49,SB2019-04,G,,,70% alcohol,2019,SB
5.52,SB2018-08,G,,,4% formalin,2018,SB
5.53,SB2020-14,H,,,4% formalin,2020,SB
5.53,SB2019-12,G,,,4% formalin,2019,SB
5.53,SI2019-01,,,,4% formalin,2019,SI
5.54,SB2019-13,G,,,70% alcohol,2019,SB
5.56,SB2018-08,G,,,4% formalin,2018,SB
5.59,SB2020-03,G,,,4% formalin,2020,SB
5.59,SB2018-08,G,,,4% formalin,2018,SB
5.59,SB2018-08,G,,,4% formalin,2018,SB
5.6,SB2020-14,H,,,4% formalin,2020,SB
5.61,SB2020-14,G,,,4% formalin,2020,SB
5.61,SI2019-01,,,,4% formalin,2019,SI
5.625,SB2017-01,G,,,4% formalin,2017,SB
5.63,SB2020-03,G,,,4% formalin,2020,SB
5.63,SB2020-03,G,,,4% formalin,2020,SB
5.64,SB2018-01,G,,,70% alcohol,2018,SB
5.65,SB2020-03,G,,,4% formalin,2020,SB
5.72,SB2019-12,G,,,4% formalin,2019,SB
5.73,SB2019-06,G,1.04,,70% alcohol,2019,SB
5.75,SB2017-01,G,,,4% formalin,2017,SB
5.77,SB2020-13,G,,,4% formalin,2020,SB
5.78,SB2020-03,G,,,4% formalin,2020,SB
5.78,SB2019-13,G,,,70% alcohol,2019,SB
5.79,SB2019-13,G,,,70% alcohol,2019,SB
5.79,SB2018-08,G,,,4% formalin,2018,SB
5.8,SB2021-02,G,,,4% formalin,2021,SB
5.8,SB2020-13,G,,,4% formalin,2020,SB
5.8,SB2018-08,G,1.16,,4% formalin,2018,SB
5.8,SB2018-01,G,,,70% alcohol,2018,SB
5.8,GB2021-10,G,,,4% formalin,2021,GB
5.82,SB2020-03,G,,,4% formalin,2020,SB
5.82,SB2018-08,G,,,4% formalin,2018,SB
5.83,SI2019-01,,,,4% formalin,2019,SI
5.84,SB2019-06,G,1.09,,70% alcohol,2019,SB
5.87,SI2019-01,,,,4% formalin,2019,SI
5.875,SB2017-01,G,,,4% formalin,2017,SB
5.875,SB2017-01,G,,,4% formalin,2017,SB
5.875,SB2017-01,G,,,4% formalin,2017,SB
5.89,SB2020-13,G,,,4% formalin,2020,SB
5.9,SB2020-14,G,,,4% formalin,2020,SB
5.9,SB2018-01,G,0.54,,70% alcohol,2018,SB
5.91,SB2018-08,G,,,4% formalin,2018,SB
5.93,SB2020-01,H,,,4% formalin,2020,SB
5.94,SB2020-13,G,,,4% formalin,2020,SB
5.94,SB2019-12,G,,,4% formalin,2019,SB
5.95,SB2020-13,H,,,4% formalin,2020,SB
5.96,SB2020-01,G,,,4% formalin,2020,SB
5.98,SB2018-01,G,,,70% alcohol,2018,SB
6,SB2019-13,G,,,70% alcohol,2019,SB
6,SB2017-01,G,,,4% formalin,2017,SB
6,SB2017-01,G,,,4% formalin,2017,SB
6.01,SB2020-13,G,,,4% formalin,2020,SB
6.01,SB2019-04,G,0.89,,70% alcohol,2019,SB
6.02,SB2019-03,G,0.68,,70% alcohol,2019,SB
6.04,SB2020-14,G,,,4% formalin,2020,SB
6.05,SB2020-01,G,,,4% formalin,2020,SB
6.06,SB2020-01,G,,,4% formalin,2020,SB
6.06,SB2018-08,G,,,4% formalin,2018,SB
6.07,SB2020-13,G,,,4% formalin,2020,SB
6.07,SB2020-01,G,,,4% formalin,2020,SB
6.07,SB2018-08,G,,,4% formalin,2018,SB
6.08,SB2020-03,G,,,4% formalin,2020,SB
6.08,SB2018-08,G,,,4% formalin,2018,SB
6.08,SB2018-01,G,,,70% alcohol,2018,SB
6.11,SB2020-13,G,,,4% formalin,2020,SB
6.11,SB2020-01,G,,,4% formalin,2020,SB
6.125,SB2017-01,G,,,4% formalin,2017,SB
6.125,SB2017-01,G,,,4% formalin,2017,SB
6.13,SB2019-13,G,,,70% alcohol,2019,SB
6.14,SB2018-08,G,,,4% formalin,2018,SB
6.14,SI2019-02,,,,70% alcohol,2019,SI
6.15,SB2020-14,H,,,4% formalin,2020,SB
6.15,SB2019-12,G,,,4% formalin,2019,SB
6.16,SB2020-13,G,,,4% formalin,2020,SB
6.16,GB2021-09,G,,,4% formalin,2021,GB
6.17,SB2020-13,G,,,4% formalin,2020,SB
6.17,SB2019-13,G,,,70% alcohol,2019,SB
6.17,SB2019-04,G,,,70% alcohol,2019,SB
6.19,SB2018-01,G,,,70% alcohol,2018,SB
6.2,SB2020-14,G,,,4% formalin,2020,SB
6.2,SB2020-13,G,,,4% formalin,2020,SB
6.21,SB2020-14,G,,,4% formalin,2020,SB
6.21,SB2020-13,G,,,4% formalin,2020,SB
6.21,SB2019-12,G,1.13,,4% formalin,2019,SB
6.21,SB2018-01,G,,,70% alcohol,2018,SB
6.22,SB2020-13,G,,,4% formalin,2020,SB
6.22,SB2018-01,G,1.91,,70% alcohol,2018,SB
6.23,SB2020-14,G,,,4% formalin,2020,SB
6.23,SB2020-01,G,,,4% formalin,2020,SB
6.25,SB2017-01,G,,,4% formalin,2017,SB
6.25,SB2017-01,G,,,4% formalin,2017,SB
6.25,SB2017-01,G,,,4% formalin,2017,SB
6.25,SB2017-01,G,,,4% formalin,2017,SB
6.25,SB2017-01,G,,,4% formalin,2017,SB
6.25,SB2017-01,G,,,4% formalin,2017,SB
6.25,SB2017-01,G,,,4% formalin,2017,SB
6.25,SB2017-01,G,,,4% formalin,2017,SB
6.26,SB2020-13,G,,,4% formalin,2020,SB
6.26,SB2020-01,G,,,4% formalin,2020,SB
6.27,SB2020-14,G,,,4% formalin,2020,SB
6.27,SB2020-13,G,,,4% formalin,2020,SB
6.27,SB2019-04,G,0.88,,70% alcohol,2019,SB
6.28,SB2020-13,G,,,4% formalin,2020,SB
6.29,SB2020-14,G,,,4% formalin,2020,SB
6.29,SB2020-13,G,,,4% formalin,2020,SB
6.29,SI2019-01,,,,4% formalin,2019,SI
6.3,SB2020-13,G,,,4% formalin,2020,SB
6.3,SB2020-01,G,,,4% formalin,2020,SB
6.3,SB2020-01,G,,,4% formalin,2020,SB
6.31,SB2020-14,G,,,4% formalin,2020,SB
6.31,SB2020-14,G,,,4% formalin,2020,SB
6.31,SB2020-13,G,,,4% formalin,2020,SB
6.33,SB2020-01,G,,,4% formalin,2020,SB
6.33,SB2018-08,G,,,4% formalin,2018,SB
6.35,SB2020-03,G,,,4% formalin,2020,SB
6.35,SB2018-08,G,,,4% formalin,2018,SB
6.36,SB2020-14,G,,,4% formalin,2020,SB
6.36,SB2020-13,G,,,4% formalin,2020,SB
6.36,SB2020-13,G,,,4% formalin,2020,SB
6.37,SB2020-14,G,,,4% formalin,2020,SB
6.37,SB2018-08,G,,,4% formalin,2018,SB
6.375,SB2017-01,G,,,4% formalin,2017,SB
6.375,SB2017-01,G,,,4% formalin,2017,SB
6.375,SB2017-01,G,,,4% formalin,2017,SB
6.38,SB2020-14,G,,,4% formalin,2020,SB
6.38,SB2020-13,G,,,4% formalin,2020,SB
6.38,SB2020-13,G,,,4% formalin,2020,SB
6.4,SB2020-13,G,,,4% formalin,2020,SB
6.41,SB2020-14,G,,,4% formalin,2020,SB
6.41,SB2020-13,H,,,4% formalin,2020,SB
6.41,SB2020-13,G,,,4% formalin,2020,SB
6.41,SB2019-12,G,,,4% formalin,2019,SB
6.41,SB2019-03,G,1.22,,70% alcohol,2019,SB
6.41,SB2018-08,G,,,4% formalin,2018,SB
6.42,SB2020-01,G,,,4% formalin,2020,SB
6.42,SB2019-12,G,,,4% formalin,2019,SB
6.44,SB2020-13,G,,,4% formalin,2020,SB
6.46,SB2020-14,G,,,4% formalin,2020,SB
6.46,SB2019-06,G,2.14,,70% alcohol,2019,SB
6.46,SB2018-01,G,0.83,,70% alcohol,2018,SB
6.47,SB2020-13,G,,,4% formalin,2020,SB
6.48,SB2021-02,G,,,4% formalin,2021,SB
6.48,SB2020-13,G,,,4% formalin,2020,SB
6.5,SB2020-14,G,,,4% formalin,2020,SB
6.5,SB2017-04,G,,,4% formalin,2017,SB
6.5,SB2017-01,G,,,4% formalin,2017,SB
6.5,SB2017-01,G,,,4% formalin,2017,SB
6.5,SB2017-01,G,,,4% formalin,2017,SB
6.5,SB2017-01,G,,,4% formalin,2017,SB
6.5,SB2017-01,G,,,4% formalin,2017,SB
6.5,SB2017-01,G,,,4% formalin,2017,SB
6.52,SB2018-01,G,1.95,,70% alcohol,2018,SB
6.53,SB2020-14,G,,,4% formalin,2020,SB
6.53,SB2018-08,G,,,4% formalin,2018,SB
6.54,SB2020-13,G,,,4% formalin,2020,SB
6.54,SB2020-13,G,,,4% formalin,2020,SB
6.54,SB2020-01,G,,,4% formalin,2020,SB
6.55,SI2019-01,,,,4% formalin,2019,SI
6.56,SB2020-13,G,,,4% formalin,2020,SB
6.56,SB2020-01,G,,,4% formalin,2020,SB
6.56,SB2019-13,G,,,70% alcohol,2019,SB
6.57,SB2020-13,G,,,4% formalin,2020,SB
6.57,SB2019-04,G,1.06,,70% alcohol,2019,SB
6.58,SB2018-01,G,,,70% alcohol,2018,SB
6.58,SI2019-01,,2.36,,4% formalin,2019,SI
6.59,SB2018-08,G,,,4% formalin,2018,SB
6.6,SB2020-14,G,,,4% formalin,2020,SB
6.6,SB2020-13,G,,,4% formalin,2020,SB
6.6,SB2020-13,G,,,4% formalin,2020,SB
6.6,SB2019-13,G,1.53,,70% alcohol,2019,SB
6.6,SB2018-01,G,,,70% alcohol,2018,SB
6.62,SB2020-13,G,,,4% formalin,2020,SB
6.625,SB2017-03,G,,,4% formalin,2017,SB
6.625,SB2017-01,G,,,4% formalin,2017,SB
6.625,SB2017-01,G,,,4% formalin,2017,SB
6.625,SB2017-01,G,,,4% formalin,2017,SB
6.625,SB2017-01,G,,,4% formalin,2017,SB
6.625,SB2017-01,G,,,4% formalin,2017,SB
6.625,SB2017-01,G,,,4% formalin,2017,SB
6.625,SB2017-01,G,,,4% formalin,2017,SB
6.63,SB2020-13,G,,,4% formalin,2020,SB
6.64,SB2020-13,G,,,4% formalin,2020,SB
6.64,SB2020-13,G,,,4% formalin,2020,SB
6.64,SB2020-13,G,,,4% formalin,2020,SB
6.64,SB2019-12,G,,,4% formalin,2019,SB
6.64,SB2018-08,G,,,4% formalin,2018,SB
6.65,SB2020-14,G,,,4% formalin,2020,SB
6.66,SB2021-02,G,,,4% formalin,2021,SB
6.66,SB2020-13,G,,,4% formalin,2020,SB
6.66,SB2018-08,G,,,4% formalin,2018,SB
6.67,SB2020-13,G,,,4% formalin,2020,SB
6.68,SB2019-13,G,,,70% alcohol,2019,SB
6.69,SB2020-13,H,,,4% formalin,2020,SB
6.69,SB2020-02,G,,,4% formalin,2020,SB
6.69,SB2019-13,G,,,70% alcohol,2019,SB
6.7,SB2020-13,G,,,4% formalin,2020,SB
6.7,SB2018-01,G,0.6,,70% alcohol,2018,SB
6.71,SB2020-13,G,,,4% formalin,2020,SB
6.72,SB2019-03,G,,,70% alcohol,2019,SB
6.73,SB2019-12,G,,,4% formalin,2019,SB
6.73,SB2019-12,G,,,4% formalin,2019,SB
6.74,SB2020-13,G,,,4% formalin,2020,SB
6.75,SB2019-13,G,,,70% alcohol,2019,SB
6.75,SB2017-01,G,,,4% formalin,2017,SB
6.75,SB2017-01,G,,,4% formalin,2017,SB
6.75,SB2017-01,G,,,4% formalin,2017,SB
6.75,SB2017-01,G,,,4% formalin,2017,SB
6.75,SB2017-01,G,,,4% formalin,2017,SB
6.76,SB2021-02,G,,,4% formalin,2021,SB
6.76,SB2018-08,G,,,4% formalin,2018,SB
6.77,SB2020-13,G,,,4% formalin,2020,SB
6.78,GB2021-10,G,,,4% formalin,2021,GB
6.79,SB2019-04,G,,,70% alcohol,2019,SB
6.81,SB2021-02,G,,,4% formalin,2021,SB
6.81,SB2020-13,G,,,4% formalin,2020,SB
6.81,SB2019-13,G,,,70% alcohol,2019,SB
6.81,SI2019-02,,,,70% alcohol,2019,SI
6.82,SB2019-12,G,,,4% formalin,2019,SB
6.83,SB2020-14,G,,,4% formalin,2020,SB
6.83,SB2020-13,G,,,4% formalin,2020,SB
6.83,SB2019-13,G,,,70% alcohol,2019,SB
6.83,SB2018-08,G,,,4% formalin,2018,SB
6.85,SB2020-13,G,,,4% formalin,2020,SB
6.85,SB2019-04,G,1.06,,70% alcohol,2019,SB
6.86,SB2020-13,G,,,4% formalin,2020,SB
6.87,SB2020-13,G,,,4% formalin,2020,SB
6.875,SB2017-06,G,,,4% formalin,2017,SB
6.875,SB2017-03,G,,,4% formalin,2017,SB
6.875,SB2017-01,G,,,4% formalin,2017,SB
6.875,SB2017-01,G,,,4% formalin,2017,SB
6.875,SB2017-01,G,,,4% formalin,2017,SB
6.875,SB2017-01,G,,,4% formalin,2017,SB
6.875,SB2017-01,G,,,4% formalin,2017,SB
6.875,SB2017-01,G,,,4% formalin,2017,SB
6.875,SB2017-01,G,,,4% formalin,2017,SB
6.875,SB2017-01,G,,,4% formalin,2017,SB
6.875,SB2017-01,G,,,4% formalin,2017,SB
6.875,SB2017-01,G,,,4% formalin,2017,SB
6.875,SB2017-01,G,,,4% formalin,2017,SB
6.875,SB2017-01,G,,,4% formalin,2017,SB
6.875,SB2017-01,G,,,4% formalin,2017,SB
6.875,SB2017-01,G,,,4% formalin,2017,SB
6.875,SB2017-01,G,,,4% formalin,2017,SB
6.88,SB2020-13,H,,,4% formalin,2020,SB
6.88,SB2019-12,G,,,4% formalin,2019,SB
6.89,SB2018-08,G,,,4% formalin,2018,SB
6.9,SB2019-12,G,,,4% formalin,2019,SB
6.92,SB2019-13,G,,,70% alcohol,2019,SB
6.95,SB2019-04,G,,,70% alcohol,2019,SB
6.96,SB2020-13,G,,,4% formalin,2020,SB
6.98,SB2020-13,G,,,4% formalin,2020,SB
6.98,GB2021-09,G,,,4% formalin,2021,GB
7,SB2021-02,G,,,4% formalin,2021,SB
7,SB2018-07,G,,,4% formalin,2018,SB
7,SB2017-03,G,,,4% formalin,2017,SB
7,SB2017-01,G,,,4% formalin,2017,SB
7,SB2017-01,G,,,4% formalin,2017,SB
7,SB2017-01,G,,,4% formalin,2017,SB
7,SB2017-01,G,,,4% formalin,2017,SB
7,SB2017-01,G,,,4% formalin,2017,SB
7,SB2017-01,G,,,4% formalin,2017,SB
7,SB2017-01,G,,,4% formalin,2017,SB
7,SB2017-01,G,,,4% formalin,2017,SB
7,SB2017-01,G,,,4% formalin,2017,SB
7,SB2017-01,G,,,4% formalin,2017,SB
7,SB2017-01,G,,,4% formalin,2017,SB
7,SB2017-01,G,,,4% formalin,2017,SB
7,SB2017-01,G,,,4% formalin,2017,SB
7,SB2017-01,G,,,4% formalin,2017,SB
7.01,SB2020-13,G,,,4% formalin,2020,SB
7.01,SB2019-13,G,,,70% alcohol,2019,SB
7.02,SB2020-14,G,,,4% formalin,2020,SB
7.03,SB2019-12,G,,,4% formalin,2019,SB
7.05,SB2018-08,G,,,4% formalin,2018,SB
7.08,SI2019-01,,,,4% formalin,2019,SI
7.11,SB2019-13,G,,,70% alcohol,2019,SB
7.11,SB2019-12,G,,,4% formalin,2019,SB
7.11,GB2021-09,G,,,4% formalin,2021,GB
7.125,SB2017-06,G,,,4% formalin,2017,SB
7.125,SB2017-06,G,,,4% formalin,2017,SB
7.125,SB2017-06,G,,,4% formalin,2017,SB
7.125,SB2017-05,G,,,4% formalin,2017,SB
7.125,SB2017-04,G,,,4% formalin,2017,SB
7.125,SB2017-01,G,,,4% formalin,2017,SB
7.125,SB2017-01,G,,,4% formalin,2017,SB
7.125,SB2017-01,G,,,4% formalin,2017,SB
7.125,SB2017-01,G,,,4% formalin,2017,SB
7.125,SB2017-01,G,,,4% formalin,2017,SB
7.125,SB2017-01,G,,,4% formalin,2017,SB
7.125,SB2017-01,G,,,4% formalin,2017,SB
7.125,SB2017-01,G,,,4% formalin,2017,SB
7.125,SB2017-01,G,,,4% formalin,2017,SB
7.125,SB2017-01,G,,,4% formalin,2017,SB
7.125,SB2017-01,G,,,4% formalin,2017,SB
7.125,SB2017-01,G,,,4% formalin,2017,SB
7.125,SB2017-01,G,,,4% formalin,2017,SB
7.125,SB2017-01,G,,,4% formalin,2017,SB
7.125,SB2017-01,G,,,4% formalin,2017,SB
7.125,SB2017-01,G,,,4% formalin,2017,SB
7.125,SB2017-01,G,,,4% formalin,2017,SB
7.125,SB2017-01,G,,,4% formalin,2017,SB
7.125,SB2017-01,G,,,4% formalin,2017,SB
7.125,SB2017-01,G,,,4% formalin,2017,SB
7.125,SB2017-01,G,,,4% formalin,2017,SB
7.125,SB2017-01,G,,,4% formalin,2017,SB
7.16,SB2019-13,G,,,70% alcohol,2019,SB
7.16,GB2021-10,G,,,4% formalin,2021,GB
7.17,GB2021-09,G,,,4% formalin,2021,GB
7.18,GB2021-09,G,,,4% formalin,2021,GB
7.2,SB2018-07,G,,,4% formalin,2018,SB
7.21,SB2019-06,G,1.44,,70% alcohol,2019,SB
7.25,SB2017-06,G,,,4% formalin,2017,SB
7.25,SB2017-06,G,,,4% formalin,2017,SB
7.25,SB2017-06,G,,,4% formalin,2017,SB
7.25,SB2017-04,G,,,4% formalin,2017,SB
7.25,SB2017-01,G,,,4% formalin,2017,SB
7.25,SB2017-01,G,,,4% formalin,2017,SB
7.25,SB2017-01,G,,,4% formalin,2017,SB
7.25,SB2017-01,G,,,4% formalin,2017,SB
7.25,SB2017-01,G,,,4% formalin,2017,SB
7.25,SB2017-01,G,,,4% formalin,2017,SB
7.27,SI2019-01,,,,4% formalin,2019,SI
7.29,GB2021-10,G,,,4% formalin,2021,GB
7.29,SI2019-01,,,,4% formalin,2019,SI
7.3,SB2020-13,G,,,4% formalin,2020,SB
7.31,SB2018-01,G,1.4,,70% alcohol,2018,SB
7.32,SB2018-01,G,1.16,,70% alcohol,2018,SB
7.35,SB2019-12,G,,,4% formalin,2019,SB
7.35,SB2019-12,G,,,4% formalin,2019,SB
7.36,SB2020-13,G,,,4% formalin,2020,SB
7.37,SB2018-01,G,,,70% alcohol,2018,SB
7.375,SB2017-06,G,,,4% formalin,2017,SB
7.375,SB2017-06,G,,,4% formalin,2017,SB
7.375,SB2017-02,G,,,4% formalin,2017,SB
7.375,SB2017-01,G,,,4% formalin,2017,SB
7.375,SB2017-01,G,,,4% formalin,2017,SB
7.375,SB2017-01,G,,,4% formalin,2017,SB
7.375,SB2017-01,G,,,4% formalin,2017,SB
7.375,SB2017-01,G,,,4% formalin,2017,SB
7.375,SB2017-01,G,,,4% formalin,2017,SB
7.375,SB2017-01,G,,,4% formalin,2017,SB
7.375,SB2017-01,G,,,4% formalin,2017,SB
7.375,SB2017-01,G,,,4% formalin,2017,SB
7.375,SB2017-01,G,,,4% formalin,2017,SB
7.375,SB2017-01,G,,,4% formalin,2017,SB
7.375,SB2017-01,G,,,4% formalin,2017,SB
7.375,SB2017-01,G,,,4% formalin,2017,SB
7.375,SB2017-01,G,,,4% formalin,2017,SB
7.375,SB2017-01,G,,,4% formalin,2017,SB
7.4,SB2020-14,G,,,4% formalin,2020,SB
7.4,SB2018-01,G,1.81,,70% alcohol,2018,SB
7.41,SB2020-14,G,,,4% formalin,2020,SB
7.41,SB2020-01,G,,,4% formalin,2020,SB
7.42,SB2020-14,G,,,4% formalin,2020,SB
7.42,SB2019-13,G,,,70% alcohol,2019,SB
7.42,SB2019-13,G,,,70% alcohol,2019,SB
7.44,SB2021-02,G,,,4% formalin,2021,SB
7.44,SI2019-02,,,,70% alcohol,2019,SI
7.45,SB2019-13,G,,,70% alcohol,2019,SB
7.48,SB2019-12,G,,,4% formalin,2019,SB
7.49,SB2020-14,G,,,4% formalin,2020,SB
7.5,SB2017-06,G,,,4% formalin,2017,SB
7.5,SB2017-06,G,,,4% formalin,2017,SB
7.5,SB2017-06,G,,,4% formalin,2017,SB
7.5,SB2017-06,G,,,4% formalin,2017,SB
7.5,SB2017-06,G,,,4% formalin,2017,SB
7.5,SB2017-05,G,,,4% formalin,2017,SB
7.5,SB2017-05,G,,,4% formalin,2017,SB
7.5,SB2017-04,G,,,4% formalin,2017,SB
7.5,SB2017-02,G,,,4% formalin,2017,SB
7.5,SB2017-01,G,,,4% formalin,2017,SB
7.5,SB2017-01,G,,,4% formalin,2017,SB
7.5,SB2017-01,G,,,4% formalin,2017,SB
7.5,SB2017-01,G,,,4% formalin,2017,SB
7.5,SB2017-01,G,,,4% formalin,2017,SB
7.5,SB2017-01,G,,,4% formalin,2017,SB
7.5,SB2017-01,G,,,4% formalin,2017,SB
7.5,SB2017-01,G,,,4% formalin,2017,SB
7.5,SB2017-01,G,,,4% formalin,2017,SB
7.5,SB2017-01,G,,,4% formalin,2017,SB
7.5,SB2017-01,G,,,4% formalin,2017,SB
7.5,SB2017-01,G,,,4% formalin,2017,SB
7.5,SB2017-01,G,,,4% formalin,2017,SB
7.5,SB2017-01,G,,,4% formalin,2017,SB
7.5,SB2017-01,G,,,4% formalin,2017,SB
7.5,SB2017-01,G,,,4% formalin,2017,SB
7.5,SB2017-01,G,,,4% formalin,2017,SB
7.5,SB2017-01,G,,,4% formalin,2017,SB
7.51,SB2020-14,G,,,4% formalin,2020,SB
7.53,SB2020-14,G,,,4% formalin,2020,SB
7.56,GB2021-10,G,,,4% formalin,2021,GB
7.625,SB2017-06,G,,,4% formalin,2017,SB
7.625,SB2017-06,G,,,4% formalin,2017,SB
7.625,SB2017-01,G,,,4% formalin,2017,SB
7.625,SB2017-01,G,,,4% formalin,2017,SB
7.625,SB2017-01,G,,,4% formalin,2017,SB
7.625,SB2017-01,G,,,4% formalin,2017,SB
7.625,SB2017-01,G,,,4% formalin,2017,SB
7.625,SB2017-01,G,,,4% formalin,2017,SB
7.625,SB2017-01,G,,,4% formalin,2017,SB
7.625,SB2017-01,G,,,4% formalin,2017,SB
7.625,SB2017-01,G,,,4% formalin,2017,SB
7.625,SB2017-01,G,,,4% formalin,2017,SB
7.625,SB2017-01,G,,,4% formalin,2017,SB
7.625,SB2017-01,G,,,4% formalin,2017,SB
7.625,SB2017-01,G,,,4% formalin,2017,SB
7.625,SB2017-01,G,,,4% formalin,2017,SB
7.625,SB2017-01,G,,,4% formalin,2017,SB
7.625,SB2017-01,G,,,4% formalin,2017,SB
7.66,SB2019-13,G,,,70% alcohol,2019,SB
7.69,SB2019-13,G,,,70% alcohol,2019,SB
7.7,SB2019-13,G,,,70% alcohol,2019,SB
7.71,SB2019-13,G,,,70% alcohol,2019,SB
7.73,SB2019-03,G,,,70% alcohol,2019,SB
7.74,SB2021-02,G,,,4% formalin,2021,SB
7.75,SB2017-06,G,,,4% formalin,2017,SB
7.75,SB2017-06,G,,,4% formalin,2017,SB
7.75,SB2017-06,G,,,4% formalin,2017,SB
7.75,SB2017-05,G,,,4% formalin,2017,SB
7.75,SB2017-03,G,,,4% formalin,2017,SB
7.75,SB2017-01,G,,,4% formalin,2017,SB
7.75,SB2017-01,G,,,4% formalin,2017,SB
7.75,SB2017-01,G,,,4% formalin,2017,SB
7.75,SB2017-01,G,,,4% formalin,2017,SB
7.75,SB2017-01,G,,,4% formalin,2017,SB
7.75,SB2017-01,G,,,4% formalin,2017,SB
7.75,SB2017-01,G,,,4% formalin,2017,SB
7.75,SB2017-01,G,,,4% formalin,2017,SB
7.75,SB2017-01,G,,,4% formalin,2017,SB
7.75,SB2017-01,G,,,4% formalin,2017,SB
7.75,SB2017-01,G,,,4% formalin,2017,SB
7.75,SB2017-01,G,,,4% formalin,2017,SB
7.77,SB2020-13,H,,,4% formalin,2020,SB
7.78,SB2019-13,G,,,70% alcohol,2019,SB
7.79,SI2019-01,,,,4% formalin,2019,SI
7.8,SB2020-13,G,,,4% formalin,2020,SB
7.8,SB2019-13,G,,,70% alcohol,2019,SB
7.8,SB2018-07,G,,,4% formalin,2018,SB
7.8,SB2018-07,G,,,4% formalin,2018,SB
7.8,SB2018-07,G,,,4% formalin,2018,SB
7.8,SB2018-07,G,,,4% formalin,2018,SB
7.82,SB2019-13,G,,,70% alcohol,2019,SB
7.82,SB2019-13,G,,,70% alcohol,2019,SB
7.875,SB2017-06,G,,,4% formalin,2017,SB
7.875,SB2017-06,G,,,4% formalin,2017,SB
7.875,SB2017-06,G,,,4% formalin,2017,SB
7.875,SB2017-06,G,,,4% formalin,2017,SB
7.875,SB2017-05,G,,,4% formalin,2017,SB
7.875,SB2017-05,G,,,4% formalin,2017,SB
7.875,SB2017-05,G,,,4% formalin,2017,SB
7.875,SB2017-04,G,,,4% formalin,2017,SB
7.875,SB2017-01,G,,,4% formalin,2017,SB
7.875,SB2017-01,G,,,4% formalin,2017,SB
7.875,SB2017-01,G,,,4% formalin,2017,SB
7.875,SB2017-01,G,,,4% formalin,2017,SB
7.875,SB2017-01,G,,,4% formalin,2017,SB
7.875,SB2017-01,G,,,4% formalin,2017,SB
7.875,SB2017-01,G,,,4% formalin,2017,SB
7.875,SB2017-01,G,,,4% formalin,2017,SB
7.875,SB2017-01,G,,,4% formalin,2017,SB
7.875,SB2017-01,G,,,4% formalin,2017,SB
7.875,SB2017-01,G,,,4% formalin,2017,SB
7.875,SB2017-01,G,,,4% formalin,2017,SB
7.875,SB2017-01,G,,,4% formalin,2017,SB
7.875,SB2017-01,G,,,4% formalin,2017,SB
7.88,SB2019-13,G,,,70% alcohol,2019,SB
7.9,SB2019-13,G,,,70% alcohol,2019,SB
7.9,SB2019-13,G,,,70% alcohol,2019,SB
7.9,SB2019-12,G,,,4% formalin,2019,SB
7.92,SB2021-02,G,,,4% formalin,2021,SB
7.92,SB2019-13,G,,,70% alcohol,2019,SB
7.92,SB2019-13,G,,,70% alcohol,2019,SB
7.94,SB2019-12,G,,,4% formalin,2019,SB
7.96,GB2021-10,G,,,4% formalin,2021,GB
8,SB2018-07,G,,,4% formalin,2018,SB
8,SB2017-06,G,,,4% formalin,2017,SB
8,SB2017-06,G,,,4% formalin,2017,SB
8,SB2017-06,G,,,4% formalin,2017,SB
8,SB2017-06,G,,,4% formalin,2017,SB
8,SB2017-01,G,,,4% formalin,2017,SB
8,SB2017-01,G,,,4% formalin,2017,SB
8,SB2017-01,G,,,4% formalin,2017,SB
8,SB2017-01,G,,,4% formalin,2017,SB
8,SB2017-01,G,,,4% formalin,2017,SB
8,SB2017-01,G,,,4% formalin,2017,SB
8.03,SB2020-13,G,,,4% formalin,2020,SB
8.04,SB2021-02,G,,,4% formalin,2021,SB
8.04,SB2019-12,G,,,4% formalin,2019,SB
8.04,GB2021-09,G,,,4% formalin,2021,GB
8.06,SB2020-14,G,,,4% formalin,2020,SB
8.07,SB2019-01,G,,,70% alcohol,2019,SB
8.11,GB2021-09,G,,,4% formalin,2021,GB
8.125,SB2017-06,G,,,4% formalin,2017,SB
8.125,SB2017-06,G,,,4% formalin,2017,SB
8.125,SB2017-06,G,,,4% formalin,2017,SB
8.125,SB2017-06,G,,,4% formalin,2017,SB
8.125,SB2017-06,G,,,4% formalin,2017,SB
8.125,SB2017-06,G,,,4% formalin,2017,SB
8.125,SB2017-06,G,,,4% formalin,2017,SB
8.125,SB2017-06,G,,,4% formalin,2017,SB
8.125,SB2017-05,G,,,4% formalin,2017,SB
8.125,SB2017-04,G,,,4% formalin,2017,SB
8.125,SB2017-02,G,,,4% formalin,2017,SB
8.125,SB2017-01,G,,,4% formalin,2017,SB
8.125,SB2017-01,G,,,4% formalin,2017,SB
8.125,SB2017-01,G,,,4% formalin,2017,SB
8.125,SB2017-01,G,,,4% formalin,2017,SB
8.125,SB2017-01,G,,,4% formalin,2017,SB
8.125,SB2017-01,G,,,4% formalin,2017,SB
8.125,SB2017-01,G,,,4% formalin,2017,SB
8.125,SB2017-01,G,,,4% formalin,2017,SB
8.125,SB2017-01,G,,,4% formalin,2017,SB
8.125,SB2017-01,G,,,4% formalin,2017,SB
8.125,SB2017-01,G,,,4% formalin,2017,SB
8.125,SB2017-01,G,,,4% formalin,2017,SB
8.125,SB2017-01,G,,,4% formalin,2017,SB
8.125,SB2017-01,G,,,4% formalin,2017,SB
8.15,SB2018-06,G,,,70% alcohol,2018,SB
8.17,SB2019-13,G,,,70% alcohol,2019,SB
8.17,SB2019-13,G,,,70% alcohol,2019,SB
8.17,SI2019-02,,,,70% alcohol,2019,SI
8.21,SB2019-13,G,1.86,,70% alcohol,2019,SB
8.21,SB2018-01,G,,,70% alcohol,2018,SB
8.22,SB2019-13,G,,,70% alcohol,2019,SB
8.23,SB2019-13,G,,,70% alcohol,2019,SB
8.25,SB2019-13,G,,,70% alcohol,2019,SB
8.25,SB2017-06,G,,,4% formalin,2017,SB
8.25,SB2017-06,G,,,4% formalin,2017,SB
8.25,SB2017-06,G,,,4% formalin,2017,SB
8.25,SB2017-06,G,,,4% formalin,2017,SB
8.25,SB2017-06,G,,,4% formalin,2017,SB
8.25,SB2017-06,G,,,4% formalin,2017,SB
8.25,SB2017-06,G,,,4% formalin,2017,SB
8.25,SB2017-06,G,,,4% formalin,2017,SB
8.25,SB2017-06,G,,,4% formalin,2017,SB
8.25,SB2017-01,G,,,4% formalin,2017,SB
8.25,SB2017-01,G,,,4% formalin,2017,SB
8.25,SB2017-01,G,,,4% formalin,2017,SB
8.25,SB2017-01,G,,,4% formalin,2017,SB
8.25,SB2017-01,G,,,4% formalin,2017,SB
8.25,SB2017-01,G,,,4% formalin,2017,SB
8.25,SB2017-01,G,,,4% formalin,2017,SB
8.29,SB2019-13,G,,,70% alcohol,2019,SB
8.33,SB2019-03,G,,,70% alcohol,2019,SB
8.33,GB2021-07,G,,,4% formalin,2021,GB
8.375,SB2017-06,G,,,4% formalin,2017,SB
8.375,SB2017-06,G,,,4% formalin,2017,SB
8.375,SB2017-06,G,,,4% formalin,2017,SB
8.375,SB2017-06,G,,,4% formalin,2017,SB
8.375,SB2017-05,G,,,4% formalin,2017,SB
8.375,SB2017-05,G,,,4% formalin,2017,SB
8.375,SB2017-05,G,,,4% formalin,2017,SB
8.375,SB2017-04,G,,,4% formalin,2017,SB
8.375,SB2017-01,G,,,4% formalin,2017,SB
8.375,SB2017-01,G,,,4% formalin,2017,SB
8.375,SB2017-01,G,,,4% formalin,2017,SB
8.375,SB2017-01,G,,,4% formalin,2017,SB
8.39,SB2019-13,G,,,70% alcohol,2019,SB
8.39,SB2019-13,G,,,70% alcohol,2019,SB
8.4,GB2021-09,G,,,4% formalin,2021,GB
8.43,GB2021-07,G,,,4% formalin,2021,GB
8.46,SB2019-13,G,,,70% alcohol,2019,SB
8.48,SB2019-13,G,,,70% alcohol,2019,SB
8.5,SB2017-06,G,,,4% formalin,2017,SB
8.5,SB2017-06,G,,,4% formalin,2017,SB
8.5,SB2017-06,G,,,4% formalin,2017,SB
8.5,SB2017-06,G,,,4% formalin,2017,SB
8.5,SB2017-06,G,,,4% formalin,2017,SB
8.5,SB2017-06,G,,,4% formalin,2017,SB
8.5,SB2017-06,G,,,4% formalin,2017,SB
8.5,SB2017-05,G,,,4% formalin,2017,SB
8.5,SB2017-01,G,,,4% formalin,2017,SB
8.5,SB2017-01,G,,,4% formalin,2017,SB
8.5,SB2017-01,G,,,4% formalin,2017,SB
8.5,SB2017-01,G,,,4% formalin,2017,SB
8.5,SB2017-01,G,,,4% formalin,2017,SB
8.51,GB2021-09,G,,,4% formalin,2021,GB
8.54,SB2019-13,G,,,70% alcohol,2019,SB
8.61,GB2021-09,G,,,4% formalin,2021,GB
8.62,SB2019-13,G,,,70% alcohol,2019,SB
8.625,SB2017-06,G,,,4% formalin,2017,SB
8.625,SB2017-06,G,,,4% formalin,2017,SB
8.625,SB2017-06,G,,,4% formalin,2017,SB
8.625,SB2017-06,G,,,4% formalin,2017,SB
8.625,SB2017-06,G,,,4% formalin,2017,SB
8.625,SB2017-06,G,,,4% formalin,2017,SB
8.625,SB2017-06,G,,,4% formalin,2017,SB
8.625,SB2017-06,G,,,4% formalin,2017,SB
8.625,SB2017-06,G,,,4% formalin,2017,SB
8.625,SB2017-02,G,,,4% formalin,2017,SB
8.625,SB2017-01,G,,,4% formalin,2017,SB
8.63,SB2019-06,G,,,70% alcohol,2019,SB
8.67,GB2021-09,G,,,4% formalin,2021,GB
8.73,SB2019-13,G,,,70% alcohol,2019,SB
8.73,SB2019-12,G,,,4% formalin,2019,SB
8.75,SB2017-06,G,,,4% formalin,2017,SB
8.75,SB2017-06,G,,,4% formalin,2017,SB
8.75,SB2017-06,G,,,4% formalin,2017,SB
8.75,SB2017-06,G,,,4% formalin,2017,SB
8.75,SB2017-06,G,,,4% formalin,2017,SB
8.75,SB2017-06,G,,,4% formalin,2017,SB
8.75,SB2017-06,G,,,4% formalin,2017,SB
8.75,SB2017-06,G,,,4% formalin,2017,SB
8.75,SB2017-06,G,,,4% formalin,2017,SB
8.75,SB2017-04,G,,,4% formalin,2017,SB
8.75,SB2017-04,G,,,4% formalin,2017,SB
8.75,SB2017-02,G,,,4% formalin,2017,SB
8.75,SB2017-02,G,,,4% formalin,2017,SB
8.75,SB2017-02,G,,,4% formalin,2017,SB
8.75,SB2017-02,G,,,4% formalin,2017,SB
8.75,SB2017-01,G,,,4% formalin,2017,SB
8.78,SB2019-03,G,,,70% alcohol,2019,SB
8.8,SB2018-07,G,,,4% formalin,2018,SB
8.81,SB2019-13,G,,,70% alcohol,2019,SB
8.82,GB2021-09,G,,,4% formalin,2021,GB
8.87,SI2019-01,,,,4% formalin,2019,SI
8.875,SB2017-06,G,,,4% formalin,2017,SB
8.875,SB2017-06,G,,,4% formalin,2017,SB
8.875,SB2017-06,G,,,4% formalin,2017,SB
8.875,SB2017-06,G,,,4% formalin,2017,SB
8.875,SB2017-06,G,,,4% formalin,2017,SB
8.875,SB2017-06,G,,,4% formalin,2017,SB
8.875,SB2017-06,G,,,4% formalin,2017,SB
8.875,SB2017-06,G,,,4% formalin,2017,SB
8.875,SB2017-06,G,,,4% formalin,2017,SB
8.875,SB2017-06,G,,,4% formalin,2017,SB
8.875,SB2017-06,G,,,4% formalin,2017,SB
8.875,SB2017-04,G,,,4% formalin,2017,SB
8.875,SB2017-02,G,,,4% formalin,2017,SB
8.875,SB2017-02,G,,,4% formalin,2017,SB
8.875,SB2017-02,G,,,4% formalin,2017,SB
8.875,SB2017-01,G,,,4% formalin,2017,SB
8.875,SB2017-01,G,,,4% formalin,2017,SB
8.875,SB2017-01,G,,,4% formalin,2017,SB
8.875,SB2017-01,G,,,4% formalin,2017,SB
8.91,SB2021-02,G,,,4% formalin,2021,SB
9,SB2018-07,G,,,4% formalin,2018,SB
9,SB2017-06,G,,,4% formalin,2017,SB
9,SB2017-06,G,,,4% formalin,2017,SB
9,SB2017-06,G,,,4% formalin,2017,SB
9,SB2017-06,G,,,4% formalin,2017,SB
9,SB2017-06,G,,,4% formalin,2017,SB
9,SB2017-06,G,,,4% formalin,2017,SB
9,SB2017-06,G,,,4% formalin,2017,SB
9,SB2017-06,G,,,4% formalin,2017,SB
9,SB2017-06,G,,,4% formalin,2017,SB
9,SB2017-02,G,,,4% formalin,2017,SB
9,SB2017-01,G,,,4% formalin,2017,SB
9,SB2017-01,G,,,4% formalin,2017,SB
9.02,GB2021-07,G,,,4% formalin,2021,GB
9.03,SB2020-01,G,,,4% formalin,2020,SB
9.03,GB2021-07,G,,,4% formalin,2021,GB
9.05,SB2021-07,G,,,4% formalin,2021,SB
9.06,SB2021-09,G,,,4% formalin,2021,SB
9.07,SB2020-01,G,,,4% formalin,2020,SB
9.11,SI2019-02,,,,70% alcohol,2019,SI
9.12,SB2021-10,G,,,4% formalin,2021,SB
9.125,SB2017-06,G,,,4% formalin,2017,SB
9.125,SB2017-06,G,,,4% formalin,2017,SB
9.125,SB2017-06,G,,,4% formalin,2017,SB
9.125,SB2017-06,G,,,4% formalin,2017,SB
9.125,SB2017-06,G,,,4% formalin,2017,SB
9.125,SB2017-06,G,,,4% formalin,2017,SB
9.125,SB2017-06,G,,,4% formalin,2017,SB
9.125,SB2017-06,G,,,4% formalin,2017,SB
9.125,SB2017-06,G,,,4% formalin,2017,SB
9.125,SB2017-06,G,,,4% formalin,2017,SB
9.125,SB2017-06,G,,,4% formalin,2017,SB
9.125,SB2017-06,G,,,4% formalin,2017,SB
9.125,SB2017-01,G,,,4% formalin,2017,SB
9.13,SB2019-13,G,,,70% alcohol,2019,SB
9.2,SB2018-07,G,,,4% formalin,2018,SB
9.24,SB2019-02,G,,,70% alcohol,2019,SB
9.25,SB2017-06,G,,,4% formalin,2017,SB
9.25,SB2017-06,G,,,4% formalin,2017,SB
9.25,SB2017-06,G,,,4% formalin,2017,SB
9.25,SB2017-01,G,,,4% formalin,2017,SB
9.25,SB2017-01,G,,,4% formalin,2017,SB
9.31,SB2018-01,G,,,70% alcohol,2018,SB
9.34,SB2021-02,G,,,4% formalin,2021,SB
9.375,SB2017-06,G,,,4% formalin,2017,SB
9.375,SB2017-06,G,,,4% formalin,2017,SB
9.375,SB2017-06,G,,,4% formalin,2017,SB
9.375,SB2017-06,G,,,4% formalin,2017,SB
9.375,SB2017-06,G,,,4% formalin,2017,SB
9.375,SB2017-06,G,,,4% formalin,2017,SB
9.375,SB2017-06,G,,,4% formalin,2017,SB
9.375,SB2017-06,G,,,4% formalin,2017,SB
9.375,SB2017-06,G,,,4% formalin,2017,SB
9.375,SB2017-06,G,,,4% formalin,2017,SB
9.375,SB2017-06,G,,,4% formalin,2017,SB
9.375,SB2017-06,G,,,4% formalin,2017,SB
9.375,SB2017-06,G,,,4% formalin,2017,SB
9.375,SB2017-06,G,,,4% formalin,2017,SB
9.375,SB2017-06,G,,,4% formalin,2017,SB
9.375,SB2017-01,G,,,4% formalin,2017,SB
9.39,GB2021-09,G,,,4% formalin,2021,GB
9.47,SB2021-02,G,,,4% formalin,2021,SB
9.47,SI2019-02,,,,70% alcohol,2019,SI
9.5,SB2017-06,G,,,4% formalin,2017,SB
9.5,SB2017-06,G,,,4% formalin,2017,SB
9.5,SB2017-06,G,,,4% formalin,2017,SB
9.5,SB2017-06,G,,,4% formalin,2017,SB
9.5,SB2017-06,G,,,4% formalin,2017,SB
9.5,SB2017-06,G,,,4% formalin,2017,SB
9.5,SB2017-06,G,,,4% formalin,2017,SB
9.5,SB2017-06,G,,,4% formalin,2017,SB
9.5,SB2017-01,G,,,4% formalin,2017,SB
9.52,GB2021-09,G,,,4% formalin,2021,GB
9.54,SB2020-03,G,Y,2.45,4% formalin,2020,SB
9.55,SB2019-06,G,,,70% alcohol,2019,SB
9.56,GB2021-09,G,,,4% formalin,2021,GB
9.58,GB2021-09,G,,,4% formalin,2021,GB
9.59,SB2019-13,G,,,70% alcohol,2019,SB
9.6,SB2018-07,G,,,4% formalin,2018,SB
9.6,SB2018-07,G,,,4% formalin,2018,SB
9.6,GB2021-09,G,,,4% formalin,2021,GB
9.62,GB2021-09,G,,,4% formalin,2021,GB
9.625,SB2017-06,G,,,4% formalin,2017,SB
9.625,SB2017-06,G,,,4% formalin,2017,SB
9.625,SB2017-01,G,,,4% formalin,2017,SB
9.625,SB2017-01,G,,,4% formalin,2017,SB
9.67,GB2021-10,G,,,4% formalin,2021,GB
9.69,SB2020-03,H,,,4% formalin,2020,SB
9.75,SB2017-06,G,,,4% formalin,2017,SB
9.75,SB2017-06,G,,,4% formalin,2017,SB
9.75,SB2017-01,G,,,4% formalin,2017,SB
9.75,SB2017-01,G,,,4% formalin,2017,SB
9.8,SB2018-07,G,,,4% formalin,2018,SB
9.83,SB2019-06,G,,,70% alcohol,2019,SB
9.84,SB2019-01,G,,,70% alcohol,2019,SB
9.875,SB2017-06,G,,,4% formalin,2017,SB
9.875,SB2017-06,G,,,4% formalin,2017,SB
9.875,SB2017-01,G,,,4% formalin,2017,SB
9.875,SB2017-01,G,,,4% formalin,2017,SB
9.93,SB2021-07,G,,,4% formalin,2021,SB
9.95,SB2021-02,G,,,4% formalin,2021,SB
10,SB2018-07,G,,,4% formalin,2018,SB
10,SB2017-06,G,,,4% formalin,2017,SB
10,SB2017-06,G,,,4% formalin,2017,SB
10,SB2017-06,G,,,4% formalin,2017,SB
10,SB2017-06,G,,,4% formalin,2017,SB
10,SB2017-06,G,,,4% formalin,2017,SB
10,SB2017-06,G,,,4% formalin,2017,SB
10,SB2017-06,G,,,4% formalin,2017,SB
10,SB2017-06,G,,,4% formalin,2017,SB
10,SB2017-06,G,,,4% formalin,2017,SB
10,SB2017-04,G,,,4% formalin,2017,SB
10,SB2017-03,G,,,4% formalin,2017,SB
10,SB2017-02,G,,,4% formalin,2017,SB
10,SB2017-02,G,,,4% formalin,2017,SB
10.125,SB2017-06,G,,,4% formalin,2017,SB
10.125,SB2017-06,G,,,4% formalin,2017,SB
10.125,SB2017-06,G,,,4% formalin,2017,SB
10.125,SB2017-06,G,,,4% formalin,2017,SB
10.125,SB2017-01,G,,,4% formalin,2017,SB
10.15,SB2019-12,G,,,4% formalin,2019,SB
10.17,GB2021-09,G,,,4% formalin,2021,GB
10.2,SB2019-13,G,,,70% alcohol,2019,SB
10.25,SB2017-06,G,,,4% formalin,2017,SB
10.25,SB2017-06,G,,,4% formalin,2017,SB
10.25,SB2017-05,G,,,4% formalin,2017,SB
10.25,SB2017-05,G,,,4% formalin,2017,SB
10.25,SB2017-01,G,,,4% formalin,2017,SB
10.25,SB2017-01,G,,,4% formalin,2017,SB
10.25,SB2017-01,G,,,4% formalin,2017,SB
10.3,SB2018-01,G,,,70% alcohol,2018,SB
10.32,GB2021-09,G,,,4% formalin,2021,GB
10.375,SB2017-06,G,,,4% formalin,2017,SB
10.375,SB2017-01,G,,,4% formalin,2017,SB
10.375,SB2017-01,G,,,4% formalin,2017,SB
10.38,GB2021-10,G,,,4% formalin,2021,GB
10.45,SB2019-13,G,,,70% alcohol,2019,SB
10.45,SB2018-06,G,,,70% alcohol,2018,SB
10.46,SB2019-12,G,,,4% formalin,2019,SB
10.5,SB2017-06,G,,,4% formalin,2017,SB
10.6,SI2019-02,,,,70% alcohol,2019,SI
10.625,SB2017-06,G,,,4% formalin,2017,SB
10.625,SB2017-06,G,,,4% formalin,2017,SB
10.625,SB2017-04,G,,,4% formalin,2017,SB
10.625,SB2017-01,G,,,4% formalin,2017,SB
10.625,SB2017-01,G,,,4% formalin,2017,SB
10.625,SB2017-01,G,,,4% formalin,2017,SB
10.74,GB2021-09,G,,,4% formalin,2021,GB
10.75,SB2017-06,G,,,4% formalin,2017,SB
10.75,SB2017-01,G,,,4% formalin,2017,SB
10.875,SB2017-04,G,,,4% formalin,2017,SB
10.875,SB2017-01,G,,,4% formalin,2017,SB
10.875,SB2017-01,G,,,4% formalin,2017,SB
10.875,SB2017-01,G,,,4% formalin,2017,SB
10.97,SB2019-01,G,,,70% alcohol,2019,SB
10.99,SB2019-13,G,,,70% alcohol,2019,SB
10.99,SB2019-12,G,,,4% formalin,2019,SB
11.125,SB2017-02,G,,,4% formalin,2017,SB
11.125,SB2017-01,G,,,4% formalin,2017,SB
11.17,SB2019-06,G,,,70% alcohol,2019,SB
11.25,SB2017-04,G,,,4% formalin,2017,SB
11.25,SB2017-02,G,,,4% formalin,2017,SB
11.25,SB2017-02,G,,,4% formalin,2017,SB
11.25,SB2017-01,G,,,4% formalin,2017,SB
11.25,SB2017-01,G,,,4% formalin,2017,SB
11.25,SB2017-01,G,,,4% formalin,2017,SB
11.27,SI2019-01,,,,4% formalin,2019,SI
11.37,SB2019-13,G,,,70% alcohol,2019,SB
11.375,SB2017-06,G,,,4% formalin,2017,SB
11.375,SB2017-03,G,,,4% formalin,2017,SB
11.375,SB2017-02,G,,,4% formalin,2017,SB
11.375,SB2017-01,G,,,4% formalin,2017,SB
11.375,SB2017-01,G,,,4% formalin,2017,SB
11.45,SB2018-06,G,,,70% alcohol,2018,SB
11.5,SB2017-02,G,,,4% formalin,2017,SB
11.5,SB2017-01,G,,,4% formalin,2017,SB
11.5,SB2017-01,G,,,4% formalin,2017,SB
11.5,SB2017-01,G,,,4% formalin,2017,SB
11.5,SB2017-01,G,,,4% formalin,2017,SB
11.5,SB2017-01,G,,,4% formalin,2017,SB
11.58,SB2019-13,G,,,70% alcohol,2019,SB
11.62,SB2021-11,G,,,4% formalin,2021,SB
11.625,SB2017-06,G,,,4% formalin,2017,SB
11.625,SB2017-06,G,,,4% formalin,2017,SB
11.625,SB2017-06,G,,,4% formalin,2017,SB
11.625,SB2017-06,G,,,4% formalin,2017,SB
11.625,SB2017-01,G,,,4% formalin,2017,SB
11.625,SB2017-01,G,,,4% formalin,2017,SB
11.625,SB2017-01,G,,,4% formalin,2017,SB
11.65,SB2019-13,G,,,70% alcohol,2019,SB
11.75,SB2017-04,G,,,4% formalin,2017,SB
11.83,SI2019-02,,,,70% alcohol,2019,SI
11.86,SB2021-10,G,,,4% formalin,2021,SB
11.875,SB2017-01,G,,,4% formalin,2017,SB
11.875,SB2017-01,G,,,4% formalin,2017,SB
11.98,SB2019-06,G,,,70% alcohol,2019,SB
12,SB2017-06,G,,,4% formalin,2017,SB
12,SB2017-01,G,,,4% formalin,2017,SB
12,SB2017-01,G,,,4% formalin,2017,SB
12.09,SB2021-14,G,,,4% formalin,2021,SB
12.125,SB2017-01,G,,,4% formalin,2017,SB
12.16,SB2019-13,G,,,70% alcohol,2019,SB
12.25,SB2021-07,G,,,4% formalin,2021,SB
12.25,SB2017-06,G,,,4% formalin,2017,SB
12.25,SB2017-04,G,,,4% formalin,2017,SB
12.25,SB2017-01,G,,,4% formalin,2017,SB
12.25,SB2017-01,G,,,4% formalin,2017,SB
12.35,SB2021-14,G,,,4% formalin,2021,SB
12.375,SB2017-01,G,,,4% formalin,2017,SB
12.375,SB2017-01,G,,,4% formalin,2017,SB
12.48,SI2019-01,,,,4% formalin,2019,SI
12.5,SB2017-04,G,,,4% formalin,2017,SB
12.5,SB2017-04,G,,,4% formalin,2017,SB
12.5,SB2017-01,G,,,4% formalin,2017,SB
12.5,SB2017-01,G,,,4% formalin,2017,SB
12.5,SB2017-01,G,,,4% formalin,2017,SB
12.5,SB2017-01,G,,,4% formalin,2017,SB
12.58,SB2021-14,G,,,4% formalin,2021,SB
12.625,SB2017-06,G,,,4% formalin,2017,SB
12.625,SB2017-02,G,,,4% formalin,2017,SB
12.625,SB2017-01,G,,,4% formalin,2017,SB
12.625,SB2017-01,G,,,4% formalin,2017,SB
12.66,SB2019-01,G,,,70% alcohol,2019,SB
12.71,SB2021-14,G,,,4% formalin,2021,SB
12.75,SB2017-06,G,,,4% formalin,2017,SB
12.76,SB2021-14,G,,,4% formalin,2021,SB
13,SB2017-01,G,,,4% formalin,2017,SB
13.125,SB2017-01,G,,,4% formalin,2017,SB
13.25,SB2017-04,G,,,4% formalin,2017,SB
13.48,SB2019-06,G,,,70% alcohol,2019,SB
13.5,SB2017-06,G,,,4% formalin,2017,SB
13.5,SB2017-02,G,,,4% formalin,2017,SB
13.5,SB2017-01,G,,,4% formalin,2017,SB
13.61,SB2021-14,G,,,4% formalin,2021,SB
13.74,SB2021-14,G,,,4% formalin,2021,SB
13.75,SB2017-01,G,,,4% formalin,2017,SB
13.86,SB2021-14,G,,,4% formalin,2021,SB
13.99,SB2021-14,G,,,4% formalin,2021,SB
14,SB2017-06,G,,,4% formalin,2017,SB
14.04,SB2021-14,G,,,4% formalin,2021,SB
14.12,SB2021-14,G,,,4% formalin,2021,SB
14.22,SB2021-14,G,,,4% formalin,2021,SB
14.25,SB2017-06,G,,,4% formalin,2017,SB
14.375,SB2017-06,G,,,4% formalin,2017,SB
14.375,SB2017-06,G,,,4% formalin,2017,SB
14.48,SB2021-14,G,,,4% formalin,2021,SB
14.55,SB2021-14,G,,,4% formalin,2021,SB
14.62,SB2021-15,G,,,4% formalin,2021,SB
14.625,SB2017-06,G,,,4% formalin,2017,SB
14.69,SB2021-14,G,,,4% formalin,2021,SB
14.75,SB2021-14,G,,,4% formalin,2021,SB
14.78,SB2021-14,G,,,4% formalin,2021,SB
15,SB2017-06,G,,,4% formalin,2017,SB
15,SB2017-06,G,,,4% formalin,2017,SB
15,SB2017-06,G,,,4% formalin,2017,SB
15.125,SB2017-06,G,,,4% formalin,2017,SB
15.27,SB2021-14,G,,,4% formalin,2021,SB
15.29,SB2021-14,G,,,4% formalin,2021,SB
15.3,SB2021-15,G,,,4% formalin,2021,SB
15.5,SB2017-06,G,,,4% formalin,2017,SB
15.625,SB2017-06,G,,,4% formalin,2017,SB
15.625,SB2017-06,G,,,4% formalin,2017,SB
15.75,SB2017-06,G,,,4% formalin,2017,SB
15.75,SB2017-03,G,,,4% formalin,2017,SB
15.875,SB2017-06,G,,,4% formalin,2017,SB
15.875,SB2017-06,G,,,4% formalin,2017,SB
16.1,SB2021-14,G,,,4% formalin,2021,SB
16.15,SB2021-13,G,,,4% formalin,2021,SB
16.25,SB2017-06,G,,,4% formalin,2017,SB
16.49,SB2021-14,G,,,4% formalin,2021,SB
16.625,SB2017-06,G,,,4% formalin,2017,SB
16.625,SB2017-03,G,,,4% formalin,2017,SB
16.78,SB2021-14,G,,,4% formalin,2021,SB
16.8,SB2019-08,G,,,70% alcohol,2019,SB
16.875,SB2017-06,G,,,4% formalin,2017,SB
16.95,SB2021-15,G,,,4% formalin,2021,SB
17.125,SB2017-04,G,,,4% formalin,2017,SB
17.15,SB2021-12,G,,,4% formalin,2021,SB
17.36,SB2021-14,G,,,4% formalin,2021,SB
17.375,SB2017-03,G,,,4% formalin,2017,SB
17.375,SB2017-03,G,,,4% formalin,2017,SB
17.625,SB2017-03,G,,,4% formalin,2017,SB
17.75,SB2017-03,G,,,4% formalin,2017,SB
18.28,SB2021-15,G,,,4% formalin,2021,SB
18.375,SB2017-03,G,,,4% formalin,2017,SB
19,SB2017-06,G,,,4% formalin,2017,SB
19,SB2017-03,G,,,4% formalin,2017,SB
19.375,SB2017-04,G,,,4% formalin,2017,SB
20,SB2017-06,G,,,4% formalin,2017,SB
20.25,SB2017-03,G,,,4% formalin,2017,SB
20.375,SB2017-06,G,,,4% formalin,2017,SB
20.625,SB2017-03,G,,,4% formalin,2017,SB
20.875,SB2017-04,G,,,4% formalin,2017,SB
21,SB2017-03,G,,,4% formalin,2017,SB
21.125,SB2017-05,G,,,4% formalin,2017,SB
21.5,SB2017-06,G,,,4% formalin,2017,SB
21.5,SB2017-04,G,,,4% formalin,2017,SB
21.5,SB2017-03,G,,,4% formalin,2017,SB
21.625,SB2017-03,G,,,4% formalin,2017,SB
21.75,SB2017-06,G,,,4% formalin,2017,SB
21.875,SB2017-05,G,,,4% formalin,2017,SB
22,SB2017-04,G,,,4% formalin,2017,SB
22.375,SB2017-04,G,,,4% formalin,2017,SB
22.75,SB2017-03,G,,,4% formalin,2017,SB
23.125,SB2017-06,G,,,4% formalin,2017,SB
23.25,SB2017-03,G,,,4% formalin,2017,SB
24.125,SB2017-06,G,,,4% formalin,2017,SB
26.125,SB2017-03,G,,,4% formalin,2017,SB
27,SB2017-03,G,,,4% formalin,2017,SB
28.125,SB2017-03,G,,,4% formalin,2017,SB
29.375,SB2017-03,G,,,4% formalin,2017,SB
,,,,,,,
